tipo_transporte,trip_id,route_id,service_id,direction_id,trip_headsign,stop_sequence,stop_id,stop_name,arrival_time,departure_time,stop_lat,stop_lon
METRO,4_I13-001_2023I13_1_1_4__1___,4__1___,4_I13,0,VALDECARROS,0,par_4_263,PINAR DE CHAMARTIN,00:00:00,00:00:00,40.48014,-3.6668
METRO,4_I13-001_2023I13_1_1_4__1___,4__1___,4_I13,0,VALDECARROS,1,par_4_262,BAMBU,00:03:10,00:03:10,40.47682,-3.67637
METRO,4_I13-001_2023I13_1_1_4__1___,4__1___,4_I13,0,VALDECARROS,2,par_4_261,CHAMARTIN,00:05:17,00:05:17,40.47203,-3.68259
METRO,4_I13-001_2023I13_1_1_4__1___,4__1___,4_I13,0,VALDECARROS,3,par_4_1,PLAZA DE CASTILLA,00:08:19,00:08:19,40.4669,-3.68917
METRO,4_I13-001_2023I13_1_1_4__1___,4__1___,4_I13,0,VALDECARROS,4,par_4_2,VALDEACEDERAS,00:09:40,00:09:40,40.46442,-3.69506
METRO,4_I13-001_2023I13_1_1_4__1___,4__1___,4_I13,0,VALDECARROS,5,par_4_3,TETUAN,00:11:07,00:11:07,40.46055,-3.69825
METRO,4_I13-001_2023I13_1_1_4__1___,4__1___,4_I13,0,VALDECARROS,6,par_4_4,ESTRECHO,00:13:07,00:13:07,40.45429,-3.70302
METRO,4_I13-001_2023I13_1_1_4__1___,4__1___,4_I13,0,VALDECARROS,7,par_4_5,ALVARADO,00:14:32,00:14:32,40.45033,-3.70331
METRO,4_I13-001_2023I13_1_1_4__1___,4__1___,4_I13,0,VALDECARROS,8,par_4_6,CUATRO CAMINOS,00:15:40,00:15:40,40.44697,-3.70397
METRO,4_I13-001_2023I13_1_1_4__1___,4__1___,4_I13,0,VALDECARROS,9,par_4_7,RIOS ROSAS,00:17:01,00:17:01,40.44198,-3.70133
METRO,4_I13-001_2023I13_1_1_4__1___,4__1___,4_I13,0,VALDECARROS,10,par_4_8,IGLESIA,00:18:58,00:18:58,40.43492,-3.69898
METRO,4_I13-001_2023I13_1_1_4__1___,4__1___,4_I13,0,VALDECARROS,11,par_4_9,BILBAO,00:20:49,00:20:49,40.42906,-3.70218
METRO,4_I13-001_2023I13_1_1_4__1___,4__1___,4_I13,0,VALDECARROS,12,par_4_10,TRIBUNAL,00:22:04,00:22:04,40.42619,-3.7011
METRO,4_I13-001_2023I13_1_1_4__1___,4__1___,4_I13,0,VALDECARROS,13,par_4_11,GRAN VIA,00:23:53,00:23:53,40.42001,-3.7018
METRO,4_I13-001_2023I13_1_1_4__1___,4__1___,4_I13,0,VALDECARROS,14,par_4_12,SOL,00:24:44,00:24:44,40.41688,-3.70326
METRO,4_I13-001_2023I13_1_1_4__1___,4__1___,4_I13,0,VALDECARROS,15,par_4_13,TIRSO DE MOLINA,00:26:30,00:26:30,40.41235,-3.70466
METRO,4_I13-001_2023I13_1_1_4__1___,4__1___,4_I13,0,VALDECARROS,16,par_4_14,ANTON MARTIN,00:27:47,00:27:47,40.41246,-3.69937
METRO,4_I13-001_2023I13_1_1_4__1___,4__1___,4_I13,0,VALDECARROS,17,par_4_15,ESTACION DEL ARTE,00:29:34,00:29:34,40.40885,-3.69249
METRO,4_I13-001_2023I13_1_1_4__1___,4__1___,4_I13,0,VALDECARROS,18,par_4_16,ATOCHA,00:30:22,00:30:22,40.40659,-3.68938
METRO,4_I13-001_2023I13_1_1_4__1___,4__1___,4_I13,0,VALDECARROS,19,par_4_17,MENENDEZ PELAYO,00:32:13,00:32:13,40.40445,-3.68098
METRO,4_I13-001_2023I13_1_1_4__1___,4__1___,4_I13,0,VALDECARROS,20,par_4_18,PACIFICO,00:33:38,00:33:38,40.40126,-3.67514
METRO,4_I13-001_2023I13_1_1_4__1___,4__1___,4_I13,0,VALDECARROS,21,par_4_19,PUENTE DE VALLECAS,00:35:29,00:35:29,40.39819,-3.66906
METRO,4_I13-001_2023I13_1_1_4__1___,4__1___,4_I13,0,VALDECARROS,22,par_4_20,NUEVA NUMANCIA,00:36:43,00:36:43,40.39554,-3.66414
METRO,4_I13-001_2023I13_1_1_4__1___,4__1___,4_I13,0,VALDECARROS,23,par_4_21,PORTAZGO,00:38:14,00:38:14,40.39266,-3.65868
METRO,4_I13-001_2023I13_1_1_4__1___,4__1___,4_I13,0,VALDECARROS,24,par_4_22,BUENOS AIRES,00:39:42,00:39:42,40.39156,-3.65391
METRO,4_I13-001_2023I13_1_1_4__1___,4__1___,4_I13,0,VALDECARROS,25,par_4_23,ALTO DEL ARENAL,00:41:25,00:41:25,40.38977,-3.64522
METRO,4_I13-001_2023I13_1_1_4__1___,4__1___,4_I13,0,VALDECARROS,26,par_4_24,MIGUEL HERNANDEZ,00:43:05,00:43:05,40.38732,-3.63951
METRO,4_I13-001_2023I13_1_1_4__1___,4__1___,4_I13,0,VALDECARROS,27,par_4_25,SIERRA DE GUADALUPE,00:46:34,00:46:34,40.38216,-3.62472
METRO,4_I13-001_2023I13_1_1_4__1___,4__1___,4_I13,0,VALDECARROS,28,par_4_26,VILLA DE VALLECAS,00:47:53,00:47:53,40.3796,-3.6213
METRO,4_I13-001_2023I13_1_1_4__1___,4__1___,4_I13,0,VALDECARROS,29,par_4_27,CONGOSTO,00:49:59,00:49:59,40.37238,-3.61884
METRO,4_I13-001_2023I13_1_1_4__1___,4__1___,4_I13,0,VALDECARROS,30,par_4_293,LA GAVIA,00:51:46,00:51:46,40.37019,-3.61346
METRO,4_I13-001_2023I13_1_1_4__1___,4__1___,4_I13,0,VALDECARROS,31,par_4_294,LAS SUERTES,00:55:20,00:55:20,40.36323,-3.59953
METRO,4_I13-001_2023I13_1_1_4__1___,4__1___,4_I13,0,VALDECARROS,32,par_4_295,VALDECARROS,00:57:02,00:57:02,40.36007,-3.59316
METRO,4_I13-001_2023I13_2_1_4__1___,4__1___,4_I13,1,PINAR DE CHAMARTIN,0,par_4_295,VALDECARROS,00:00:00,00:00:00,40.36007,-3.59316
METRO,4_I13-001_2023I13_2_1_4__1___,4__1___,4_I13,1,PINAR DE CHAMARTIN,1,par_4_294,LAS SUERTES,00:01:42,00:01:42,40.36323,-3.59953
METRO,4_I13-001_2023I13_2_1_4__1___,4__1___,4_I13,1,PINAR DE CHAMARTIN,2,par_4_293,LA GAVIA,00:05:17,00:05:17,40.37019,-3.61346
METRO,4_I13-001_2023I13_2_1_4__1___,4__1___,4_I13,1,PINAR DE CHAMARTIN,3,par_4_27,CONGOSTO,00:07:04,00:07:04,40.37238,-3.61884
METRO,4_I13-001_2023I13_2_1_4__1___,4__1___,4_I13,1,PINAR DE CHAMARTIN,4,par_4_26,VILLA DE VALLECAS,00:09:09,00:09:09,40.3796,-3.6213
METRO,4_I13-001_2023I13_2_1_4__1___,4__1___,4_I13,1,PINAR DE CHAMARTIN,5,par_4_25,SIERRA DE GUADALUPE,00:10:29,00:10:29,40.38216,-3.62472
METRO,4_I13-001_2023I13_2_1_4__1___,4__1___,4_I13,1,PINAR DE CHAMARTIN,6,par_4_24,MIGUEL HERNANDEZ,00:13:58,00:13:58,40.38732,-3.63951
METRO,4_I13-001_2023I13_2_1_4__1___,4__1___,4_I13,1,PINAR DE CHAMARTIN,7,par_4_23,ALTO DEL ARENAL,00:15:37,00:15:37,40.38977,-3.64522
METRO,4_I13-001_2023I13_2_1_4__1___,4__1___,4_I13,1,PINAR DE CHAMARTIN,8,par_4_22,BUENOS AIRES,00:17:20,00:17:20,40.39156,-3.65391
METRO,4_I13-001_2023I13_2_1_4__1___,4__1___,4_I13,1,PINAR DE CHAMARTIN,9,par_4_21,PORTAZGO,00:18:49,00:18:49,40.39266,-3.65868
METRO,4_I13-001_2023I13_2_1_4__1___,4__1___,4_I13,1,PINAR DE CHAMARTIN,10,par_4_20,NUEVA NUMANCIA,00:20:19,00:20:19,40.39554,-3.66414
METRO,4_I13-001_2023I13_2_1_4__1___,4__1___,4_I13,1,PINAR DE CHAMARTIN,11,par_4_19,PUENTE DE VALLECAS,00:21:33,00:21:33,40.39819,-3.66906
METRO,4_I13-001_2023I13_2_1_4__1___,4__1___,4_I13,1,PINAR DE CHAMARTIN,12,par_4_18,PACIFICO,00:23:25,00:23:25,40.40126,-3.67514
METRO,4_I13-001_2023I13_2_1_4__1___,4__1___,4_I13,1,PINAR DE CHAMARTIN,13,par_4_17,MENENDEZ PELAYO,00:24:49,00:24:49,40.40445,-3.68098
METRO,4_I13-001_2023I13_2_1_4__1___,4__1___,4_I13,1,PINAR DE CHAMARTIN,14,par_4_16,ATOCHA,00:26:40,00:26:40,40.40659,-3.68938
METRO,4_I13-001_2023I13_2_1_4__1___,4__1___,4_I13,1,PINAR DE CHAMARTIN,15,par_4_15,ESTACION DEL ARTE,00:27:29,00:27:29,40.40885,-3.69249
METRO,4_I13-001_2023I13_2_1_4__1___,4__1___,4_I13,1,PINAR DE CHAMARTIN,16,par_4_14,ANTON MARTIN,00:29:16,00:29:16,40.41246,-3.69937
METRO,4_I13-001_2023I13_2_1_4__1___,4__1___,4_I13,1,PINAR DE CHAMARTIN,17,par_4_13,TIRSO DE MOLINA,00:30:32,00:30:32,40.41235,-3.70466
METRO,4_I13-001_2023I13_2_1_4__1___,4__1___,4_I13,1,PINAR DE CHAMARTIN,18,par_4_12,SOL,00:32:19,00:32:19,40.41688,-3.70326
METRO,4_I13-001_2023I13_2_1_4__1___,4__1___,4_I13,1,PINAR DE CHAMARTIN,19,par_4_11,GRAN VIA,00:33:10,00:33:10,40.42001,-3.7018
METRO,4_I13-001_2023I13_2_1_4__1___,4__1___,4_I13,1,PINAR DE CHAMARTIN,20,par_4_10,TRIBUNAL,00:34:59,00:34:59,40.42619,-3.7011
METRO,4_I13-001_2023I13_2_1_4__1___,4__1___,4_I13,1,PINAR DE CHAMARTIN,21,par_4_9,BILBAO,00:36:14,00:36:14,40.42906,-3.70218
METRO,4_I13-001_2023I13_2_1_4__1___,4__1___,4_I13,1,PINAR DE CHAMARTIN,22,par_4_8,IGLESIA,00:38:05,00:38:05,40.43492,-3.69898
METRO,4_I13-001_2023I13_2_1_4__1___,4__1___,4_I13,1,PINAR DE CHAMARTIN,23,par_4_7,RIOS ROSAS,00:40:01,00:40:01,40.44198,-3.70133
METRO,4_I13-001_2023I13_2_1_4__1___,4__1___,4_I13,1,PINAR DE CHAMARTIN,24,par_4_6,CUATRO CAMINOS,00:41:22,00:41:22,40.44697,-3.70397
METRO,4_I13-001_2023I13_2_1_4__1___,4__1___,4_I13,1,PINAR DE CHAMARTIN,25,par_4_5,ALVARADO,00:42:31,00:42:31,40.45033,-3.70331
METRO,4_I13-001_2023I13_2_1_4__1___,4__1___,4_I13,1,PINAR DE CHAMARTIN,26,par_4_4,ESTRECHO,00:43:55,00:43:55,40.45429,-3.70302
METRO,4_I13-001_2023I13_2_1_4__1___,4__1___,4_I13,1,PINAR DE CHAMARTIN,27,par_4_3,TETUAN,00:45:55,00:45:55,40.46055,-3.69825
METRO,4_I13-001_2023I13_2_1_4__1___,4__1___,4_I13,1,PINAR DE CHAMARTIN,28,par_4_2,VALDEACEDERAS,00:47:23,00:47:23,40.46442,-3.69506
METRO,4_I13-001_2023I13_2_1_4__1___,4__1___,4_I13,1,PINAR DE CHAMARTIN,29,par_4_1,PLAZA DE CASTILLA,00:48:44,00:48:44,40.4669,-3.68917
METRO,4_I13-001_2023I13_2_1_4__1___,4__1___,4_I13,1,PINAR DE CHAMARTIN,30,par_4_261,CHAMARTIN,00:51:46,00:51:46,40.47203,-3.68259
METRO,4_I13-001_2023I13_2_1_4__1___,4__1___,4_I13,1,PINAR DE CHAMARTIN,31,par_4_262,BAMBU,00:53:52,00:53:52,40.47682,-3.67637
METRO,4_I13-001_2023I13_2_1_4__1___,4__1___,4_I13,1,PINAR DE CHAMARTIN,32,par_4_263,PINAR DE CHAMARTIN,00:57:02,00:57:02,40.48014,-3.6668
METRO,4_I13-002_2023I13_1_1_4__2___,4__2___,4_I13,0,CUATRO CAMINOS,0,par_4_325,LAS ROSAS,00:00:00,00:00:00,40.42375,-3.60331
METRO,4_I13-002_2023I13_1_1_4__2___,4__2___,4_I13,0,CUATRO CAMINOS,1,par_4_324,AVENIDA DE GUADALAJARA,00:02:09,00:02:09,40.42239,-3.61206
METRO,4_I13-002_2023I13_1_1_4__2___,4__2___,4_I13,0,CUATRO CAMINOS,2,par_4_323,ALSACIA,00:04:51,00:04:51,40.41829,-3.62351
METRO,4_I13-002_2023I13_1_1_4__2___,4__2___,4_I13,0,CUATRO CAMINOS,3,par_4_322,LA ALMUDENA,00:08:23,00:08:23,40.42361,-3.63914
METRO,4_I13-002_2023I13_1_1_4__2___,4__2___,4_I13,0,CUATRO CAMINOS,4,par_4_260,LA ELIPA,00:11:07,00:11:07,40.42662,-3.65052
METRO,4_I13-002_2023I13_1_1_4__2___,4__2___,4_I13,0,CUATRO CAMINOS,5,par_4_28,VENTAS,00:14:38,00:14:38,40.43088,-3.66366
METRO,4_I13-002_2023I13_1_1_4__2___,4__2___,4_I13,0,CUATRO CAMINOS,6,par_4_29,MANUEL BECERRA,00:16:10,00:16:10,40.4279,-3.66926
METRO,4_I13-002_2023I13_1_1_4__2___,4__2___,4_I13,0,CUATRO CAMINOS,7,par_4_30,GOYA,00:17:44,00:17:44,40.42455,-3.67591
METRO,4_I13-002_2023I13_1_1_4__2___,4__2___,4_I13,0,CUATRO CAMINOS,8,par_4_31,PRINCIPE DE VERGARA,00:18:46,00:18:46,40.42294,-3.68012
METRO,4_I13-002_2023I13_1_1_4__2___,4__2___,4_I13,0,CUATRO CAMINOS,9,par_4_32,RETIRO,00:20:06,00:20:06,40.42031,-3.68624
METRO,4_I13-002_2023I13_1_1_4__2___,4__2___,4_I13,0,CUATRO CAMINOS,10,par_4_33,BANCO DE ESPAÑA,00:21:57,00:21:57,40.41922,-3.69497
METRO,4_I13-002_2023I13_1_1_4__2___,4__2___,4_I13,0,CUATRO CAMINOS,11,par_4_34,SEVILLA,00:23:05,00:23:05,40.41805,-3.69925
METRO,4_I13-002_2023I13_1_1_4__2___,4__2___,4_I13,0,CUATRO CAMINOS,12,par_4_35,SOL,00:23:56,00:23:56,40.41685,-3.70326
METRO,4_I13-002_2023I13_1_1_4__2___,4__2___,4_I13,0,CUATRO CAMINOS,13,par_4_36,OPERA,00:25:09,00:25:09,40.41809,-3.70942
METRO,4_I13-002_2023I13_1_1_4__2___,4__2___,4_I13,0,CUATRO CAMINOS,14,par_4_37,SANTO DOMINGO,00:26:13,00:26:13,40.42132,-3.70796
METRO,4_I13-002_2023I13_1_1_4__2___,4__2___,4_I13,0,CUATRO CAMINOS,15,par_4_38,NOVICIADO,00:27:14,00:27:14,40.42484,-3.70742
METRO,4_I13-002_2023I13_1_1_4__2___,4__2___,4_I13,0,CUATRO CAMINOS,16,par_4_39,SAN BERNARDO,00:28:47,00:28:47,40.43001,-3.70557
METRO,4_I13-002_2023I13_1_1_4__2___,4__2___,4_I13,0,CUATRO CAMINOS,17,par_4_40,QUEVEDO,00:29:29,00:29:29,40.43322,-3.70433
METRO,4_I13-002_2023I13_1_1_4__2___,4__2___,4_I13,0,CUATRO CAMINOS,18,par_4_41,CANAL,00:31:14,00:31:14,40.43841,-3.70433
METRO,4_I13-002_2023I13_1_1_4__2___,4__2___,4_I13,0,CUATRO CAMINOS,19,par_4_42,CUATRO CAMINOS,00:33:07,00:33:07,40.44697,-3.70392
METRO,4_I13-002_2023I13_2_1_4__2___,4__2___,4_I13,1,LAS ROSAS,0,par_4_42,CUATRO CAMINOS,00:00:00,00:00:00,40.44697,-3.70392
METRO,4_I13-002_2023I13_2_1_4__2___,4__2___,4_I13,1,LAS ROSAS,1,par_4_41,CANAL,00:01:52,00:01:52,40.43841,-3.70433
METRO,4_I13-002_2023I13_2_1_4__2___,4__2___,4_I13,1,LAS ROSAS,2,par_4_40,QUEVEDO,00:03:38,00:03:38,40.43322,-3.70433
METRO,4_I13-002_2023I13_2_1_4__2___,4__2___,4_I13,1,LAS ROSAS,3,par_4_39,SAN BERNARDO,00:04:20,00:04:20,40.43001,-3.70557
METRO,4_I13-002_2023I13_2_1_4__2___,4__2___,4_I13,1,LAS ROSAS,4,par_4_38,NOVICIADO,00:05:53,00:05:53,40.42484,-3.70742
METRO,4_I13-002_2023I13_2_1_4__2___,4__2___,4_I13,1,LAS ROSAS,5,par_4_37,SANTO DOMINGO,00:06:53,00:06:53,40.42132,-3.70796
METRO,4_I13-002_2023I13_2_1_4__2___,4__2___,4_I13,1,LAS ROSAS,6,par_4_36,OPERA,00:07:58,00:07:58,40.41809,-3.70942
METRO,4_I13-002_2023I13_2_1_4__2___,4__2___,4_I13,1,LAS ROSAS,7,par_4_35,SOL,00:09:11,00:09:11,40.41685,-3.70326
METRO,4_I13-002_2023I13_2_1_4__2___,4__2___,4_I13,1,LAS ROSAS,8,par_4_34,SEVILLA,00:10:02,00:10:02,40.41805,-3.69925
METRO,4_I13-002_2023I13_2_1_4__2___,4__2___,4_I13,1,LAS ROSAS,9,par_4_33,BANCO DE ESPAÑA,00:11:10,00:11:10,40.41922,-3.69497
METRO,4_I13-002_2023I13_2_1_4__2___,4__2___,4_I13,1,LAS ROSAS,10,par_4_32,RETIRO,00:13:01,00:13:01,40.42031,-3.68624
METRO,4_I13-002_2023I13_2_1_4__2___,4__2___,4_I13,1,LAS ROSAS,11,par_4_31,PRINCIPE DE VERGARA,00:14:20,00:14:20,40.42294,-3.68012
METRO,4_I13-002_2023I13_2_1_4__2___,4__2___,4_I13,1,LAS ROSAS,12,par_4_30,GOYA,00:15:23,00:15:23,40.42455,-3.67591
METRO,4_I13-002_2023I13_2_1_4__2___,4__2___,4_I13,1,LAS ROSAS,13,par_4_29,MANUEL BECERRA,00:16:56,00:16:56,40.4279,-3.66926
METRO,4_I13-002_2023I13_2_1_4__2___,4__2___,4_I13,1,LAS ROSAS,14,par_4_28,VENTAS,00:18:29,00:18:29,40.43088,-3.66366
METRO,4_I13-002_2023I13_2_1_4__2___,4__2___,4_I13,1,LAS ROSAS,15,par_4_260,LA ELIPA,00:21:59,00:21:59,40.42662,-3.65052
METRO,4_I13-002_2023I13_2_1_4__2___,4__2___,4_I13,1,LAS ROSAS,16,par_4_322,LA ALMUDENA,00:24:43,00:24:43,40.42361,-3.63914
METRO,4_I13-002_2023I13_2_1_4__2___,4__2___,4_I13,1,LAS ROSAS,17,par_4_323,ALSACIA,00:28:16,00:28:16,40.41829,-3.62351
METRO,4_I13-002_2023I13_2_1_4__2___,4__2___,4_I13,1,LAS ROSAS,18,par_4_324,AVENIDA DE GUADALAJARA,00:30:58,00:30:58,40.42239,-3.61206
METRO,4_I13-002_2023I13_2_1_4__2___,4__2___,4_I13,1,LAS ROSAS,19,par_4_325,LAS ROSAS,00:33:07,00:33:07,40.42375,-3.60331
METRO,4_I13-004_2023I13_1_1_4__4___,4__4___,4_I13,0,PINAR DE CHAMARTIN,0,par_4_54,ARGÜELLES,00:00:00,00:00:00,40.4306,-3.71596
METRO,4_I13-004_2023I13_1_1_4__4___,4__4___,4_I13,0,PINAR DE CHAMARTIN,1,par_4_55,SAN BERNARDO,00:02:10,00:02:10,40.42966,-3.70567
METRO,4_I13-004_2023I13_1_1_4__4___,4__4___,4_I13,0,PINAR DE CHAMARTIN,2,par_4_56,BILBAO,00:03:13,00:03:13,40.42885,-3.70114
METRO,4_I13-004_2023I13_1_1_4__4___,4__4___,4_I13,0,PINAR DE CHAMARTIN,3,par_4_57,ALONSO MARTINEZ,00:04:22,00:04:22,40.42772,-3.69594
METRO,4_I13-004_2023I13_1_1_4__4___,4__4___,4_I13,0,PINAR DE CHAMARTIN,4,par_4_58,COLON,00:05:23,00:05:23,40.42542,-3.69101
METRO,4_I13-004_2023I13_1_1_4__4___,4__4___,4_I13,0,PINAR DE CHAMARTIN,5,par_4_59,SERRANO,00:06:43,00:06:43,40.42543,-3.68663
METRO,4_I13-004_2023I13_1_1_4__4___,4__4___,4_I13,0,PINAR DE CHAMARTIN,6,par_4_60,VELAZQUEZ,00:07:41,00:07:41,40.42503,-3.68292
METRO,4_I13-004_2023I13_1_1_4__4___,4__4___,4_I13,0,PINAR DE CHAMARTIN,7,par_4_61,GOYA,00:08:59,00:08:59,40.42481,-3.67685
METRO,4_I13-004_2023I13_1_1_4__4___,4__4___,4_I13,0,PINAR DE CHAMARTIN,8,par_4_62,LISTA,00:10:30,00:10:30,40.42917,-3.67541
METRO,4_I13-004_2023I13_1_1_4__4___,4__4___,4_I13,0,PINAR DE CHAMARTIN,9,par_4_63,DIEGO DE LEON,00:12:00,00:12:00,40.43468,-3.67495
METRO,4_I13-004_2023I13_1_1_4__4___,4__4___,4_I13,0,PINAR DE CHAMARTIN,10,par_4_64,AVENIDA DE AMERICA,00:13:23,00:13:23,40.43803,-3.67664
METRO,4_I13-004_2023I13_1_1_4__4___,4__4___,4_I13,0,PINAR DE CHAMARTIN,11,par_4_65,PROSPERIDAD,00:15:29,00:15:29,40.44419,-3.67482
METRO,4_I13-004_2023I13_1_1_4__4___,4__4___,4_I13,0,PINAR DE CHAMARTIN,12,par_4_66,ALFONSO XIII,00:17:46,00:17:46,40.44825,-3.66791
METRO,4_I13-004_2023I13_1_1_4__4___,4__4___,4_I13,0,PINAR DE CHAMARTIN,13,par_4_67,AVENIDA DE LA PAZ,00:19:27,00:19:27,40.45354,-3.66118
METRO,4_I13-004_2023I13_1_1_4__4___,4__4___,4_I13,0,PINAR DE CHAMARTIN,14,par_4_68,ARTURO SORIA,00:21:29,00:21:29,40.45583,-3.65618
METRO,4_I13-004_2023I13_1_1_4__4___,4__4___,4_I13,0,PINAR DE CHAMARTIN,15,par_4_69,ESPERANZA,00:23:43,00:23:43,40.45945,-3.64582
METRO,4_I13-004_2023I13_1_1_4__4___,4__4___,4_I13,0,PINAR DE CHAMARTIN,16,par_4_70,CANILLAS,00:27:09,00:27:09,40.46381,-3.6356
METRO,4_I13-004_2023I13_1_1_4__4___,4__4___,4_I13,0,PINAR DE CHAMARTIN,17,par_4_71,MAR DE CRISTAL,00:28:50,00:28:50,40.46943,-3.63832
METRO,4_I13-004_2023I13_1_1_4__4___,4__4___,4_I13,0,PINAR DE CHAMARTIN,18,par_4_72,SAN LORENZO,00:30:08,00:30:08,40.47447,-3.63958
METRO,4_I13-004_2023I13_1_1_4__4___,4__4___,4_I13,0,PINAR DE CHAMARTIN,19,par_4_73,PARQUE DE SANTA MARIA,00:31:58,00:31:58,40.47711,-3.64524
METRO,4_I13-004_2023I13_1_1_4__4___,4__4___,4_I13,0,PINAR DE CHAMARTIN,20,par_4_264,HORTALEZA,00:33:49,00:33:49,40.47537,-3.65257
METRO,4_I13-004_2023I13_1_1_4__4___,4__4___,4_I13,0,PINAR DE CHAMARTIN,21,par_4_265,MANOTERAS,00:36:40,00:36:40,40.47687,-3.6629
METRO,4_I13-004_2023I13_1_1_4__4___,4__4___,4_I13,0,PINAR DE CHAMARTIN,22,par_4_266,PINAR DE CHAMARTIN,00:38:17,00:38:17,40.48014,-3.66676
METRO,4_I13-004_2023I13_2_1_4__4___,4__4___,4_I13,1,ARGÜELLES,0,par_4_266,PINAR DE CHAMARTIN,00:00:00,00:00:00,40.48014,-3.66676
METRO,4_I13-004_2023I13_2_1_4__4___,4__4___,4_I13,1,ARGÜELLES,1,par_4_265,MANOTERAS,00:01:37,00:01:37,40.47687,-3.6629
METRO,4_I13-004_2023I13_2_1_4__4___,4__4___,4_I13,1,ARGÜELLES,2,par_4_264,HORTALEZA,00:04:29,00:04:29,40.47537,-3.65257
METRO,4_I13-004_2023I13_2_1_4__4___,4__4___,4_I13,1,ARGÜELLES,3,par_4_73,PARQUE DE SANTA MARIA,00:06:19,00:06:19,40.47711,-3.64524
METRO,4_I13-004_2023I13_2_1_4__4___,4__4___,4_I13,1,ARGÜELLES,4,par_4_72,SAN LORENZO,00:08:09,00:08:09,40.47447,-3.63958
METRO,4_I13-004_2023I13_2_1_4__4___,4__4___,4_I13,1,ARGÜELLES,5,par_4_71,MAR DE CRISTAL,00:09:27,00:09:27,40.46943,-3.63832
METRO,4_I13-004_2023I13_2_1_4__4___,4__4___,4_I13,1,ARGÜELLES,6,par_4_70,CANILLAS,00:11:08,00:11:08,40.46381,-3.6356
METRO,4_I13-004_2023I13_2_1_4__4___,4__4___,4_I13,1,ARGÜELLES,7,par_4_69,ESPERANZA,00:14:35,00:14:35,40.45945,-3.64582
METRO,4_I13-004_2023I13_2_1_4__4___,4__4___,4_I13,1,ARGÜELLES,8,par_4_68,ARTURO SORIA,00:16:49,00:16:49,40.45583,-3.65618
METRO,4_I13-004_2023I13_2_1_4__4___,4__4___,4_I13,1,ARGÜELLES,9,par_4_67,AVENIDA DE LA PAZ,00:18:50,00:18:50,40.45354,-3.66118
METRO,4_I13-004_2023I13_2_1_4__4___,4__4___,4_I13,1,ARGÜELLES,10,par_4_66,ALFONSO XIII,00:20:32,00:20:32,40.44825,-3.66791
METRO,4_I13-004_2023I13_2_1_4__4___,4__4___,4_I13,1,ARGÜELLES,11,par_4_65,PROSPERIDAD,00:22:49,00:22:49,40.44419,-3.67482
METRO,4_I13-004_2023I13_2_1_4__4___,4__4___,4_I13,1,ARGÜELLES,12,par_4_64,AVENIDA DE AMERICA,00:24:55,00:24:55,40.43803,-3.67664
METRO,4_I13-004_2023I13_2_1_4__4___,4__4___,4_I13,1,ARGÜELLES,13,par_4_63,DIEGO DE LEON,00:26:17,00:26:17,40.43468,-3.67495
METRO,4_I13-004_2023I13_2_1_4__4___,4__4___,4_I13,1,ARGÜELLES,14,par_4_62,LISTA,00:27:47,00:27:47,40.42917,-3.67541
METRO,4_I13-004_2023I13_2_1_4__4___,4__4___,4_I13,1,ARGÜELLES,15,par_4_61,GOYA,00:29:18,00:29:18,40.42481,-3.67685
METRO,4_I13-004_2023I13_2_1_4__4___,4__4___,4_I13,1,ARGÜELLES,16,par_4_60,VELAZQUEZ,00:30:36,00:30:36,40.42503,-3.68292
METRO,4_I13-004_2023I13_2_1_4__4___,4__4___,4_I13,1,ARGÜELLES,17,par_4_59,SERRANO,00:31:35,00:31:35,40.42543,-3.68663
METRO,4_I13-004_2023I13_2_1_4__4___,4__4___,4_I13,1,ARGÜELLES,18,par_4_58,COLON,00:32:55,00:32:55,40.42542,-3.69101
METRO,4_I13-004_2023I13_2_1_4__4___,4__4___,4_I13,1,ARGÜELLES,19,par_4_57,ALONSO MARTINEZ,00:33:55,00:33:55,40.42772,-3.69594
METRO,4_I13-004_2023I13_2_1_4__4___,4__4___,4_I13,1,ARGÜELLES,20,par_4_56,BILBAO,00:35:05,00:35:05,40.42885,-3.70114
METRO,4_I13-004_2023I13_2_1_4__4___,4__4___,4_I13,1,ARGÜELLES,21,par_4_55,SAN BERNARDO,00:36:07,00:36:07,40.42966,-3.70567
METRO,4_I13-004_2023I13_2_1_4__4___,4__4___,4_I13,1,ARGÜELLES,22,par_4_54,ARGÜELLES,00:38:17,00:38:17,40.4306,-3.71596
METRO,4_I13-005_2023I13_1_1_4__5___,4__5___,4_I13,0,CASA DE CAMPO,0,par_4_252,ALAMEDA DE OSUNA,00:00:00,00:00:00,40.45779,-3.58752
METRO,4_I13-005_2023I13_1_1_4__5___,4__5___,4_I13,0,CASA DE CAMPO,1,par_4_253,EL CAPRICHO,00:01:54,00:01:54,40.45347,-3.59401
METRO,4_I13-005_2023I13_1_1_4__5___,4__5___,4_I13,0,CASA DE CAMPO,2,par_4_74,CANILLEJAS,00:05:32,00:05:32,40.44942,-3.60816
METRO,4_I13-005_2023I13_1_1_4__5___,4__5___,4_I13,0,CASA DE CAMPO,3,par_4_75,TORRE ARIAS,00:08:05,00:08:05,40.44374,-3.61699
METRO,4_I13-005_2023I13_1_1_4__5___,4__5___,4_I13,0,CASA DE CAMPO,4,par_4_76,SUANZES,00:10:04,00:10:04,40.44085,-3.62684
METRO,4_I13-005_2023I13_1_1_4__5___,4__5___,4_I13,0,CASA DE CAMPO,5,par_4_77,CIUDAD LINEAL,00:12:31,00:12:31,40.43805,-3.63816
METRO,4_I13-005_2023I13_1_1_4__5___,4__5___,4_I13,0,CASA DE CAMPO,6,par_4_78,PUEBLO NUEVO,00:13:55,00:13:55,40.43569,-3.64282
METRO,4_I13-005_2023I13_1_1_4__5___,4__5___,4_I13,0,CASA DE CAMPO,7,par_4_79,QUINTANA,00:15:17,00:15:17,40.43358,-3.64736
METRO,4_I13-005_2023I13_1_1_4__5___,4__5___,4_I13,0,CASA DE CAMPO,8,par_4_80,EL CARMEN,00:17:06,00:17:06,40.43189,-3.65757
METRO,4_I13-005_2023I13_1_1_4__5___,4__5___,4_I13,0,CASA DE CAMPO,9,par_4_81,VENTAS,00:18:52,00:18:52,40.43088,-3.66361
METRO,4_I13-005_2023I13_1_1_4__5___,4__5___,4_I13,0,CASA DE CAMPO,10,par_4_82,DIEGO DE LEON,00:21:08,00:21:08,40.43235,-3.67426
METRO,4_I13-005_2023I13_1_1_4__5___,4__5___,4_I13,0,CASA DE CAMPO,11,par_4_83,NUÑEZ DE BALBOA,00:22:51,00:22:51,40.43278,-3.68258
METRO,4_I13-005_2023I13_1_1_4__5___,4__5___,4_I13,0,CASA DE CAMPO,12,par_4_84,RUBEN DARIO,00:24:33,00:24:33,40.43316,-3.68954
METRO,4_I13-005_2023I13_1_1_4__5___,4__5___,4_I13,0,CASA DE CAMPO,13,par_4_85,ALONSO MARTINEZ,00:26:22,00:26:22,40.42828,-3.69502
METRO,4_I13-005_2023I13_1_1_4__5___,4__5___,4_I13,0,CASA DE CAMPO,14,par_4_86,CHUECA,00:28:09,00:28:09,40.42293,-3.69762
METRO,4_I13-005_2023I13_1_1_4__5___,4__5___,4_I13,0,CASA DE CAMPO,15,par_4_87,GRAN VIA,00:29:26,00:29:26,40.41999,-3.7018
METRO,4_I13-005_2023I13_1_1_4__5___,4__5___,4_I13,0,CASA DE CAMPO,16,par_4_88,CALLAO,00:30:18,00:30:18,40.42008,-3.70566
METRO,4_I13-005_2023I13_1_1_4__5___,4__5___,4_I13,0,CASA DE CAMPO,17,par_4_89,OPERA,00:31:34,00:31:34,40.41809,-3.70935
METRO,4_I13-005_2023I13_1_1_4__5___,4__5___,4_I13,0,CASA DE CAMPO,18,par_4_90,LA LATINA,00:33:32,00:33:32,40.41128,-3.70816
METRO,4_I13-005_2023I13_1_1_4__5___,4__5___,4_I13,0,CASA DE CAMPO,19,par_4_91,PUERTA DE TOLEDO,00:35:02,00:35:02,40.40704,-3.71105
METRO,4_I13-005_2023I13_1_1_4__5___,4__5___,4_I13,0,CASA DE CAMPO,20,par_4_92,ACACIAS,00:37:20,00:37:20,40.40387,-3.70664
METRO,4_I13-005_2023I13_1_1_4__5___,4__5___,4_I13,0,CASA DE CAMPO,21,par_4_93,PIRAMIDES,00:38:43,00:38:43,40.4026,-3.71138
METRO,4_I13-005_2023I13_1_1_4__5___,4__5___,4_I13,0,CASA DE CAMPO,22,par_4_94,MARQUES DE VADILLO,00:40:40,00:40:40,40.39736,-3.71596
METRO,4_I13-005_2023I13_1_1_4__5___,4__5___,4_I13,0,CASA DE CAMPO,23,par_4_95,URGEL,00:42:38,00:42:38,40.39335,-3.7236
METRO,4_I13-005_2023I13_1_1_4__5___,4__5___,4_I13,0,CASA DE CAMPO,24,par_4_96,OPORTO,00:44:20,00:44:20,40.38846,-3.73132
METRO,4_I13-005_2023I13_1_1_4__5___,4__5___,4_I13,0,CASA DE CAMPO,25,par_4_97,VISTA ALEGRE,00:46:13,00:46:13,40.38885,-3.73982
METRO,4_I13-005_2023I13_1_1_4__5___,4__5___,4_I13,0,CASA DE CAMPO,26,par_4_98,CARABANCHEL,00:47:49,00:47:49,40.38783,-3.74487
METRO,4_I13-005_2023I13_1_1_4__5___,4__5___,4_I13,0,CASA DE CAMPO,27,par_4_99,EUGENIA DE MONTIJO,00:49:19,00:49:19,40.38439,-3.75121
METRO,4_I13-005_2023I13_1_1_4__5___,4__5___,4_I13,0,CASA DE CAMPO,28,par_4_100,ALUCHE,00:51:42,00:51:42,40.38563,-3.7608
METRO,4_I13-005_2023I13_1_1_4__5___,4__5___,4_I13,0,CASA DE CAMPO,29,par_4_101,EMPALME,00:53:26,00:53:26,40.39057,-3.76535
METRO,4_I13-005_2023I13_1_1_4__5___,4__5___,4_I13,0,CASA DE CAMPO,30,par_4_102,CAMPAMENTO,00:54:35,00:54:35,40.39481,-3.76813
METRO,4_I13-005_2023I13_1_1_4__5___,4__5___,4_I13,0,CASA DE CAMPO,31,par_4_103,CASA DE CAMPO,00:57:39,00:57:39,40.40324,-3.76101
METRO,4_I13-005_2023I13_2_1_4__5___,4__5___,4_I13,1,ALAMEDA DE OSUNA,0,par_4_103,CASA DE CAMPO,00:00:00,00:00:00,40.40324,-3.76101
METRO,4_I13-005_2023I13_2_1_4__5___,4__5___,4_I13,1,ALAMEDA DE OSUNA,1,par_4_102,CAMPAMENTO,00:03:04,00:03:04,40.39481,-3.76813
METRO,4_I13-005_2023I13_2_1_4__5___,4__5___,4_I13,1,ALAMEDA DE OSUNA,2,par_4_101,EMPALME,00:04:13,00:04:13,40.39057,-3.76535
METRO,4_I13-005_2023I13_2_1_4__5___,4__5___,4_I13,1,ALAMEDA DE OSUNA,3,par_4_100,ALUCHE,00:05:57,00:05:57,40.38563,-3.7608
METRO,4_I13-005_2023I13_2_1_4__5___,4__5___,4_I13,1,ALAMEDA DE OSUNA,4,par_4_99,EUGENIA DE MONTIJO,00:08:20,00:08:20,40.38439,-3.75121
METRO,4_I13-005_2023I13_2_1_4__5___,4__5___,4_I13,1,ALAMEDA DE OSUNA,5,par_4_98,CARABANCHEL,00:09:50,00:09:50,40.38783,-3.74487
METRO,4_I13-005_2023I13_2_1_4__5___,4__5___,4_I13,1,ALAMEDA DE OSUNA,6,par_4_97,VISTA ALEGRE,00:11:26,00:11:26,40.38885,-3.73982
METRO,4_I13-005_2023I13_2_1_4__5___,4__5___,4_I13,1,ALAMEDA DE OSUNA,7,par_4_96,OPORTO,00:13:19,00:13:19,40.38846,-3.73132
METRO,4_I13-005_2023I13_2_1_4__5___,4__5___,4_I13,1,ALAMEDA DE OSUNA,8,par_4_95,URGEL,00:15:01,00:15:01,40.39335,-3.7236
METRO,4_I13-005_2023I13_2_1_4__5___,4__5___,4_I13,1,ALAMEDA DE OSUNA,9,par_4_94,MARQUES DE VADILLO,00:16:59,00:16:59,40.39736,-3.71596
METRO,4_I13-005_2023I13_2_1_4__5___,4__5___,4_I13,1,ALAMEDA DE OSUNA,10,par_4_93,PIRAMIDES,00:18:56,00:18:56,40.4026,-3.71138
METRO,4_I13-005_2023I13_2_1_4__5___,4__5___,4_I13,1,ALAMEDA DE OSUNA,11,par_4_92,ACACIAS,00:20:19,00:20:19,40.40387,-3.70664
METRO,4_I13-005_2023I13_2_1_4__5___,4__5___,4_I13,1,ALAMEDA DE OSUNA,12,par_4_91,PUERTA DE TOLEDO,00:22:37,00:22:37,40.40704,-3.71105
METRO,4_I13-005_2023I13_2_1_4__5___,4__5___,4_I13,1,ALAMEDA DE OSUNA,13,par_4_90,LA LATINA,00:24:07,00:24:07,40.41128,-3.70816
METRO,4_I13-005_2023I13_2_1_4__5___,4__5___,4_I13,1,ALAMEDA DE OSUNA,14,par_4_89,OPERA,00:26:05,00:26:05,40.41809,-3.70935
METRO,4_I13-005_2023I13_2_1_4__5___,4__5___,4_I13,1,ALAMEDA DE OSUNA,15,par_4_88,CALLAO,00:27:21,00:27:21,40.42008,-3.70566
METRO,4_I13-005_2023I13_2_1_4__5___,4__5___,4_I13,1,ALAMEDA DE OSUNA,16,par_4_87,GRAN VIA,00:28:13,00:28:13,40.41999,-3.7018
METRO,4_I13-005_2023I13_2_1_4__5___,4__5___,4_I13,1,ALAMEDA DE OSUNA,17,par_4_86,CHUECA,00:29:30,00:29:30,40.42293,-3.69762
METRO,4_I13-005_2023I13_2_1_4__5___,4__5___,4_I13,1,ALAMEDA DE OSUNA,18,par_4_85,ALONSO MARTINEZ,00:31:17,00:31:17,40.42828,-3.69502
METRO,4_I13-005_2023I13_2_1_4__5___,4__5___,4_I13,1,ALAMEDA DE OSUNA,19,par_4_84,RUBEN DARIO,00:33:06,00:33:06,40.43316,-3.68954
METRO,4_I13-005_2023I13_2_1_4__5___,4__5___,4_I13,1,ALAMEDA DE OSUNA,20,par_4_83,NUÑEZ DE BALBOA,00:34:48,00:34:48,40.43278,-3.68258
METRO,4_I13-005_2023I13_2_1_4__5___,4__5___,4_I13,1,ALAMEDA DE OSUNA,21,par_4_82,DIEGO DE LEON,00:36:31,00:36:31,40.43235,-3.67426
METRO,4_I13-005_2023I13_2_1_4__5___,4__5___,4_I13,1,ALAMEDA DE OSUNA,22,par_4_81,VENTAS,00:38:47,00:38:47,40.43088,-3.66361
METRO,4_I13-005_2023I13_2_1_4__5___,4__5___,4_I13,1,ALAMEDA DE OSUNA,23,par_4_80,EL CARMEN,00:40:33,00:40:33,40.43189,-3.65757
METRO,4_I13-005_2023I13_2_1_4__5___,4__5___,4_I13,1,ALAMEDA DE OSUNA,24,par_4_79,QUINTANA,00:42:22,00:42:22,40.43358,-3.64736
METRO,4_I13-005_2023I13_2_1_4__5___,4__5___,4_I13,1,ALAMEDA DE OSUNA,25,par_4_78,PUEBLO NUEVO,00:43:44,00:43:44,40.43569,-3.64282
METRO,4_I13-005_2023I13_2_1_4__5___,4__5___,4_I13,1,ALAMEDA DE OSUNA,26,par_4_77,CIUDAD LINEAL,00:45:08,00:45:08,40.43805,-3.63816
METRO,4_I13-005_2023I13_2_1_4__5___,4__5___,4_I13,1,ALAMEDA DE OSUNA,27,par_4_76,SUANZES,00:47:35,00:47:35,40.44085,-3.62684
METRO,4_I13-005_2023I13_2_1_4__5___,4__5___,4_I13,1,ALAMEDA DE OSUNA,28,par_4_75,TORRE ARIAS,00:49:34,00:49:34,40.44374,-3.61699
METRO,4_I13-005_2023I13_2_1_4__5___,4__5___,4_I13,1,ALAMEDA DE OSUNA,29,par_4_74,CANILLEJAS,00:52:07,00:52:07,40.44942,-3.60816
METRO,4_I13-005_2023I13_2_1_4__5___,4__5___,4_I13,1,ALAMEDA DE OSUNA,30,par_4_253,EL CAPRICHO,00:55:45,00:55:45,40.45347,-3.59401
METRO,4_I13-005_2023I13_2_1_4__5___,4__5___,4_I13,1,ALAMEDA DE OSUNA,31,par_4_252,ALAMEDA DE OSUNA,00:57:39,00:57:39,40.45779,-3.58752
METRO,4_I13-008_2023I13_1_1_4__8___,4__8___,4_I13,0,AEROPUERTO T-4,0,par_4_155,NUEVOS MINISTERIOS,00:00:00,00:00:00,40.44655,-3.69241
METRO,4_I13-008_2023I13_1_1_4__8___,4__8___,4_I13,0,AEROPUERTO T-4,1,par_4_156,COLOMBIA,00:02:37,00:02:37,40.45634,-3.67682
METRO,4_I13-008_2023I13_1_1_4__8___,4__8___,4_I13,0,AEROPUERTO T-4,2,par_4_258,PINAR DEL REY,00:06:39,00:06:39,40.468,-3.64867
METRO,4_I13-008_2023I13_1_1_4__8___,4__8___,4_I13,0,AEROPUERTO T-4,3,par_4_157,MAR DE CRISTAL,00:07:52,00:07:52,40.46938,-3.63832
METRO,4_I13-008_2023I13_1_1_4__8___,4__8___,4_I13,0,AEROPUERTO T-4,4,par_4_158,FERIA DE MADRID,00:10:56,00:10:56,40.46389,-3.6162
METRO,4_I13-008_2023I13_1_1_4__8___,4__8___,4_I13,0,AEROPUERTO T-4,5,par_4_159,AEROPUERTO T1-T2-T3,00:16:35,00:16:35,40.46864,-3.56954
METRO,4_I13-008_2023I13_1_1_4__8___,4__8___,4_I13,0,AEROPUERTO T-4,6,par_4_160,BARAJAS,00:18:33,00:18:33,40.47577,-3.58253
METRO,4_I13-008_2023I13_1_1_4__8___,4__8___,4_I13,0,AEROPUERTO T-4,7,par_4_285,AEROPUERTO T-4,00:21:28,00:21:28,40.49177,-3.59325
METRO,4_I13-008_2023I13_2_1_4__8___,4__8___,4_I13,1,NUEVOS MINISTERIOS,0,par_4_285,AEROPUERTO T-4,00:00:00,00:00:00,40.49177,-3.59325
METRO,4_I13-008_2023I13_2_1_4__8___,4__8___,4_I13,1,NUEVOS MINISTERIOS,1,par_4_160,BARAJAS,00:02:55,00:02:55,40.47577,-3.58253
METRO,4_I13-008_2023I13_2_1_4__8___,4__8___,4_I13,1,NUEVOS MINISTERIOS,2,par_4_159,AEROPUERTO T1-T2-T3,00:04:53,00:04:53,40.46864,-3.56954
METRO,4_I13-008_2023I13_2_1_4__8___,4__8___,4_I13,1,NUEVOS MINISTERIOS,3,par_4_158,FERIA DE MADRID,00:10:32,00:10:32,40.46389,-3.6162
METRO,4_I13-008_2023I13_2_1_4__8___,4__8___,4_I13,1,NUEVOS MINISTERIOS,4,par_4_157,MAR DE CRISTAL,00:13:36,00:13:36,40.46938,-3.63832
METRO,4_I13-008_2023I13_2_1_4__8___,4__8___,4_I13,1,NUEVOS MINISTERIOS,5,par_4_258,PINAR DEL REY,00:14:49,00:14:49,40.468,-3.64867
METRO,4_I13-008_2023I13_2_1_4__8___,4__8___,4_I13,1,NUEVOS MINISTERIOS,6,par_4_156,COLOMBIA,00:18:52,00:18:52,40.45634,-3.67682
METRO,4_I13-008_2023I13_2_1_4__8___,4__8___,4_I13,1,NUEVOS MINISTERIOS,7,par_4_155,NUEVOS MINISTERIOS,00:21:28,00:21:28,40.44655,-3.69241
METRO,4_I13-011_2023I13_1_1_4__11___,4__11___,4_I13,0,LA FORTUNA,0,par_4_206,PLAZA ELIPTICA,00:00:00,00:00:00,40.3846,-3.71825
METRO,4_I13-011_2023I13_1_1_4__11___,4__11___,4_I13,0,LA FORTUNA,1,par_4_207,ABRANTES,00:02:04,00:02:04,40.38083,-3.7279
METRO,4_I13-011_2023I13_1_1_4__11___,4__11___,4_I13,0,LA FORTUNA,2,par_4_208,PAN BENDITO,00:03:50,00:03:50,40.37587,-3.73417
METRO,4_I13-011_2023I13_1_1_4__11___,4__11___,4_I13,0,LA FORTUNA,3,par_4_254,SAN FRANCISCO,00:05:18,00:05:18,40.3736,-3.7391
METRO,4_I13-011_2023I13_1_1_4__11___,4__11___,4_I13,0,LA FORTUNA,4,par_4_255,CARABANCHEL ALTO,00:07:55,00:07:55,40.372,-3.75191
METRO,4_I13-011_2023I13_1_1_4__11___,4__11___,4_I13,0,LA FORTUNA,5,par_4_256,LA PESETA,00:10:01,00:10:01,40.36422,-3.7569
METRO,4_I13-011_2023I13_1_1_4__11___,4__11___,4_I13,0,LA FORTUNA,6,par_4_305,LA FORTUNA,00:15:32,00:15:32,40.35795,-3.77783
METRO,4_I13-011_2023I13_2_1_4__11___,4__11___,4_I13,1,PLAZA ELIPTICA,0,par_4_305,LA FORTUNA,00:00:00,00:00:00,40.35795,-3.77783
METRO,4_I13-011_2023I13_2_1_4__11___,4__11___,4_I13,1,PLAZA ELIPTICA,1,par_4_256,LA PESETA,00:05:31,00:05:31,40.36422,-3.7569
METRO,4_I13-011_2023I13_2_1_4__11___,4__11___,4_I13,1,PLAZA ELIPTICA,2,par_4_255,CARABANCHEL ALTO,00:07:38,00:07:38,40.372,-3.75191
METRO,4_I13-011_2023I13_2_1_4__11___,4__11___,4_I13,1,PLAZA ELIPTICA,3,par_4_254,SAN FRANCISCO,00:10:14,00:10:14,40.3736,-3.7391
METRO,4_I13-011_2023I13_2_1_4__11___,4__11___,4_I13,1,PLAZA ELIPTICA,4,par_4_208,PAN BENDITO,00:11:42,00:11:42,40.37587,-3.73417
METRO,4_I13-011_2023I13_2_1_4__11___,4__11___,4_I13,1,PLAZA ELIPTICA,5,par_4_207,ABRANTES,00:13:29,00:13:29,40.38083,-3.7279
METRO,4_I13-011_2023I13_2_1_4__11___,4__11___,4_I13,1,PLAZA ELIPTICA,6,par_4_206,PLAZA ELIPTICA,00:15:32,00:15:32,40.3846,-3.71825
METRO,4_I13-061_2023I13_1_1_4__6_1__,4__6___,4_I13,0,LAGUNA,0,par_4_104,LAGUNA,00:00:00,00:00:00,40.39923,-3.74429
METRO,4_I13-061_2023I13_1_1_4__6_1__,4__6___,4_I13,0,LAGUNA,1,par_4_105,CARPETANA,00:01:37,00:01:37,40.3927,-3.74099
METRO,4_I13-061_2023I13_1_1_4__6_1__,4__6___,4_I13,0,LAGUNA,2,par_4_106,OPORTO,00:03:43,00:03:43,40.38847,-3.73126
METRO,4_I13-061_2023I13_1_1_4__6_1__,4__6___,4_I13,0,LAGUNA,3,par_4_107,OPAÑEL,00:05:29,00:05:29,40.3869,-3.72313
METRO,4_I13-061_2023I13_1_1_4__6_1__,4__6___,4_I13,0,LAGUNA,4,par_4_108,PLAZA ELIPTICA,00:07:07,00:07:07,40.3846,-3.71837
METRO,4_I13-061_2023I13_1_1_4__6_1__,4__6___,4_I13,0,LAGUNA,5,par_4_109,USERA,00:09:22,00:09:22,40.3871,-3.7069
METRO,4_I13-061_2023I13_1_1_4__6_1__,4__6___,4_I13,0,LAGUNA,6,par_4_110,LEGAZPI,00:11:40,00:11:40,40.39116,-3.69505
METRO,4_I13-061_2023I13_1_1_4__6_1__,4__6___,4_I13,0,LAGUNA,7,par_4_259,ARGANZUELA-PLANETARIO,00:13:13,00:13:13,40.3931,-3.68864
METRO,4_I13-061_2023I13_1_1_4__6_1__,4__6___,4_I13,0,LAGUNA,8,par_4_111,MENDEZ ALVARO,00:15:04,00:15:04,40.39538,-3.67814
METRO,4_I13-061_2023I13_1_1_4__6_1__,4__6___,4_I13,0,LAGUNA,9,par_4_112,PACIFICO,00:17:05,00:17:05,40.40207,-3.67386
METRO,4_I13-061_2023I13_1_1_4__6_1__,4__6___,4_I13,0,LAGUNA,10,par_4_113,CONDE DE CASAL,00:18:49,00:18:49,40.40697,-3.67041
METRO,4_I13-061_2023I13_1_1_4__6_1__,4__6___,4_I13,0,LAGUNA,11,par_4_114,SAINZ DE BARANDA,00:20:44,00:20:44,40.41507,-3.66951
METRO,4_I13-061_2023I13_1_1_4__6_1__,4__6___,4_I13,0,LAGUNA,12,par_4_115,ODONNELL,00:22:32,00:22:32,40.42289,-3.6686
METRO,4_I13-061_2023I13_1_1_4__6_1__,4__6___,4_I13,0,LAGUNA,13,par_4_116,MANUEL BECERRA,00:23:58,00:23:58,40.4279,-3.66921
METRO,4_I13-061_2023I13_1_1_4__6_1__,4__6___,4_I13,0,LAGUNA,14,par_4_117,DIEGO DE LEON,00:25:43,00:25:43,40.43295,-3.67294
METRO,4_I13-061_2023I13_1_1_4__6_1__,4__6___,4_I13,0,LAGUNA,15,par_4_118,AVENIDA DE AMERICA,00:27:21,00:27:21,40.43804,-3.67658
METRO,4_I13-061_2023I13_1_1_4__6_1__,4__6___,4_I13,0,LAGUNA,16,par_4_119,REPUBLICA ARGENTINA,00:29:24,00:29:24,40.44379,-3.68406
METRO,4_I13-061_2023I13_1_1_4__6_1__,4__6___,4_I13,0,LAGUNA,17,par_4_120,NUEVOS MINISTERIOS,00:31:37,00:31:37,40.44662,-3.69241
METRO,4_I13-061_2023I13_1_1_4__6_1__,4__6___,4_I13,0,LAGUNA,18,par_4_121,CUATRO CAMINOS,00:33:23,00:33:23,40.44697,-3.70387
METRO,4_I13-061_2023I13_1_1_4__6_1__,4__6___,4_I13,0,LAGUNA,19,par_4_122,GUZMAN EL BUENO,00:35:08,00:35:08,40.44637,-3.71229
METRO,4_I13-061_2023I13_1_1_4__6_1__,4__6___,4_I13,0,LAGUNA,20,par_4_123,VICENTE ALEIXANDRE,00:36:38,00:36:38,40.44644,-3.71943
METRO,4_I13-061_2023I13_1_1_4__6_1__,4__6___,4_I13,0,LAGUNA,21,par_4_124,CIUDAD UNIVERSITARIA,00:38:14,00:38:14,40.44356,-3.72678
METRO,4_I13-061_2023I13_1_1_4__6_1__,4__6___,4_I13,0,LAGUNA,22,par_4_125,MONCLOA,00:41:20,00:41:20,40.43497,-3.71945
METRO,4_I13-061_2023I13_1_1_4__6_1__,4__6___,4_I13,0,LAGUNA,23,par_4_126,ARGÜELLES,00:42:37,00:42:37,40.43053,-3.71596
METRO,4_I13-061_2023I13_1_1_4__6_1__,4__6___,4_I13,0,LAGUNA,24,par_4_127,PRINCIPE PIO,00:45:47,00:45:47,40.42107,-3.72032
METRO,4_I13-061_2023I13_1_1_4__6_1__,4__6___,4_I13,0,LAGUNA,25,par_4_128,PUERTA DEL ANGEL,00:48:28,00:48:28,40.4139,-3.72724
METRO,4_I13-061_2023I13_1_1_4__6_1__,4__6___,4_I13,0,LAGUNA,26,par_4_129,ALTO DE EXTREMADURA,00:50:52,00:50:52,40.40993,-3.73894
METRO,4_I13-061_2023I13_1_1_4__6_1__,4__6___,4_I13,0,LAGUNA,27,par_4_130,LUCERO,00:53:03,00:53:03,40.4051,-3.74534
METRO,4_I13-061_2023I13_1_1_4__6_1__,4__6___,4_I13,0,LAGUNA,28,par_4_104,LAGUNA,00:54:53,00:54:53,40.39923,-3.74429
METRO,4_I13-062_2023I13_1_1_4__6_2__,4__6___,4_I13,1,LAGUNA,0,par_4_104,LAGUNA,00:00:00,00:00:00,40.39923,-3.74429
METRO,4_I13-062_2023I13_1_1_4__6_2__,4__6___,4_I13,1,LAGUNA,1,par_4_130,LUCERO,00:01:50,00:01:50,40.4051,-3.74534
METRO,4_I13-062_2023I13_1_1_4__6_2__,4__6___,4_I13,1,LAGUNA,2,par_4_129,ALTO DE EXTREMADURA,00:04:02,00:04:02,40.40993,-3.73894
METRO,4_I13-062_2023I13_1_1_4__6_2__,4__6___,4_I13,1,LAGUNA,3,par_4_128,PUERTA DEL ANGEL,00:06:26,00:06:26,40.4139,-3.72724
METRO,4_I13-062_2023I13_1_1_4__6_2__,4__6___,4_I13,1,LAGUNA,4,par_4_127,PRINCIPE PIO,00:09:08,00:09:08,40.42107,-3.72032
METRO,4_I13-062_2023I13_1_1_4__6_2__,4__6___,4_I13,1,LAGUNA,5,par_4_126,ARGÜELLES,00:12:19,00:12:19,40.43053,-3.71596
METRO,4_I13-062_2023I13_1_1_4__6_2__,4__6___,4_I13,1,LAGUNA,6,par_4_125,MONCLOA,00:13:35,00:13:35,40.43497,-3.71945
METRO,4_I13-062_2023I13_1_1_4__6_2__,4__6___,4_I13,1,LAGUNA,7,par_4_124,CIUDAD UNIVERSITARIA,00:16:42,00:16:42,40.44356,-3.72678
METRO,4_I13-062_2023I13_1_1_4__6_2__,4__6___,4_I13,1,LAGUNA,8,par_4_123,VICENTE ALEIXANDRE,00:18:19,00:18:19,40.44644,-3.71943
METRO,4_I13-062_2023I13_1_1_4__6_2__,4__6___,4_I13,1,LAGUNA,9,par_4_122,GUZMAN EL BUENO,00:19:49,00:19:49,40.44637,-3.71229
METRO,4_I13-062_2023I13_1_1_4__6_2__,4__6___,4_I13,1,LAGUNA,10,par_4_121,CUATRO CAMINOS,00:21:34,00:21:34,40.44697,-3.70387
METRO,4_I13-062_2023I13_1_1_4__6_2__,4__6___,4_I13,1,LAGUNA,11,par_4_120,NUEVOS MINISTERIOS,00:23:21,00:23:21,40.44662,-3.69241
METRO,4_I13-062_2023I13_1_1_4__6_2__,4__6___,4_I13,1,LAGUNA,12,par_4_119,REPUBLICA ARGENTINA,00:25:35,00:25:35,40.44379,-3.68406
METRO,4_I13-062_2023I13_1_1_4__6_2__,4__6___,4_I13,1,LAGUNA,13,par_4_118,AVENIDA DE AMERICA,00:27:38,00:27:38,40.43804,-3.67658
METRO,4_I13-062_2023I13_1_1_4__6_2__,4__6___,4_I13,1,LAGUNA,14,par_4_117,DIEGO DE LEON,00:29:17,00:29:17,40.43295,-3.67294
METRO,4_I13-062_2023I13_1_1_4__6_2__,4__6___,4_I13,1,LAGUNA,15,par_4_116,MANUEL BECERRA,00:31:02,00:31:02,40.4279,-3.66921
METRO,4_I13-062_2023I13_1_1_4__6_2__,4__6___,4_I13,1,LAGUNA,16,par_4_115,ODONNELL,00:32:28,00:32:28,40.42289,-3.6686
METRO,4_I13-062_2023I13_1_1_4__6_2__,4__6___,4_I13,1,LAGUNA,17,par_4_114,SAINZ DE BARANDA,00:34:16,00:34:16,40.41507,-3.66951
METRO,4_I13-062_2023I13_1_1_4__6_2__,4__6___,4_I13,1,LAGUNA,18,par_4_113,CONDE DE CASAL,00:36:13,00:36:13,40.40697,-3.67041
METRO,4_I13-062_2023I13_1_1_4__6_2__,4__6___,4_I13,1,LAGUNA,19,par_4_112,PACIFICO,00:37:56,00:37:56,40.40207,-3.67386
METRO,4_I13-062_2023I13_1_1_4__6_2__,4__6___,4_I13,1,LAGUNA,20,par_4_111,MENDEZ ALVARO,00:39:57,00:39:57,40.39538,-3.67814
METRO,4_I13-062_2023I13_1_1_4__6_2__,4__6___,4_I13,1,LAGUNA,21,par_4_259,ARGANZUELA-PLANETARIO,00:41:48,00:41:48,40.3931,-3.68864
METRO,4_I13-062_2023I13_1_1_4__6_2__,4__6___,4_I13,1,LAGUNA,22,par_4_110,LEGAZPI,00:43:22,00:43:22,40.39116,-3.69505
METRO,4_I13-062_2023I13_1_1_4__6_2__,4__6___,4_I13,1,LAGUNA,23,par_4_109,USERA,00:45:41,00:45:41,40.3871,-3.7069
METRO,4_I13-062_2023I13_1_1_4__6_2__,4__6___,4_I13,1,LAGUNA,24,par_4_108,PLAZA ELIPTICA,00:47:55,00:47:55,40.3846,-3.71837
METRO,4_I13-062_2023I13_1_1_4__6_2__,4__6___,4_I13,1,LAGUNA,25,par_4_107,OPAÑEL,00:49:33,00:49:33,40.3869,-3.72313
METRO,4_I13-062_2023I13_1_1_4__6_2__,4__6___,4_I13,1,LAGUNA,26,par_4_106,OPORTO,00:51:20,00:51:20,40.38847,-3.73126
METRO,4_I13-062_2023I13_1_1_4__6_2__,4__6___,4_I13,1,LAGUNA,27,par_4_105,CARPETANA,00:53:26,00:53:26,40.3927,-3.74099
METRO,4_I13-062_2023I13_1_1_4__6_2__,4__6___,4_I13,1,LAGUNA,28,par_4_104,LAGUNA,00:55:04,00:55:04,40.39923,-3.74429
METRO,4_I13-071_2023I13_1_1_4__7_A__,4__7___,4_I13,0,PITIS,0,par_4_286,ESTADIO METROPOLITANO,00:00:00,00:00:00,40.43339,-3.60015
METRO,4_I13-071_2023I13_1_1_4__7_A__,4__7___,4_I13,0,PITIS,1,par_4_132,LAS MUSAS,00:02:03,00:02:03,40.43299,-3.60788
METRO,4_I13-071_2023I13_1_1_4__7_A__,4__7___,4_I13,0,PITIS,2,par_4_133,SAN BLAS,00:03:56,00:03:56,40.42799,-3.61547
METRO,4_I13-071_2023I13_1_1_4__7_A__,4__7___,4_I13,0,PITIS,3,par_4_134,SIMANCAS,00:05:46,00:05:46,40.42799,-3.62572
METRO,4_I13-071_2023I13_1_1_4__7_A__,4__7___,4_I13,0,PITIS,4,par_4_135,GARCIA NOBLEJAS,00:07:31,00:07:31,40.42842,-3.6333
METRO,4_I13-071_2023I13_1_1_4__7_A__,4__7___,4_I13,0,PITIS,5,par_4_136,ASCAO,00:09:13,00:09:13,40.43021,-3.64106
METRO,4_I13-071_2023I13_1_1_4__7_A__,4__7___,4_I13,0,PITIS,6,par_4_137,PUEBLO NUEVO,00:10:46,00:10:46,40.43566,-3.64282
METRO,4_I13-071_2023I13_1_1_4__7_A__,4__7___,4_I13,0,PITIS,7,par_4_138,BARRIO DE LA CONCEPCION,00:12:52,00:12:52,40.4391,-3.652
METRO,4_I13-071_2023I13_1_1_4__7_A__,4__7___,4_I13,0,PITIS,8,par_4_139,PARQUE DE LAS AVENIDAS,00:14:52,00:14:52,40.43945,-3.66297
METRO,4_I13-071_2023I13_1_1_4__7_A__,4__7___,4_I13,0,PITIS,9,par_4_140,CARTAGENA,00:16:25,00:16:25,40.43934,-3.67215
METRO,4_I13-071_2023I13_1_1_4__7_A__,4__7___,4_I13,0,PITIS,10,par_4_141,AVENIDA DE AMERICA,00:17:59,00:17:59,40.43804,-3.67653
METRO,4_I13-071_2023I13_1_1_4__7_A__,4__7___,4_I13,0,PITIS,11,par_4_142,GREGORIO MARAÑON,00:20:20,00:20:20,40.43825,-3.69148
METRO,4_I13-071_2023I13_1_1_4__7_A__,4__7___,4_I13,0,PITIS,12,par_4_143,ALONSO CANO,00:21:41,00:21:41,40.43838,-3.69925
METRO,4_I13-071_2023I13_1_1_4__7_A__,4__7___,4_I13,0,PITIS,13,par_4_144,CANAL,00:22:43,00:22:43,40.4387,-3.70489
METRO,4_I13-071_2023I13_1_1_4__7_A__,4__7___,4_I13,0,PITIS,14,par_4_145,ISLAS FILIPINAS,00:24:21,00:24:21,40.43907,-3.71373
METRO,4_I13-071_2023I13_1_1_4__7_A__,4__7___,4_I13,0,PITIS,15,par_4_146,GUZMAN EL BUENO,00:27:31,00:27:31,40.44633,-3.71229
METRO,4_I13-071_2023I13_1_1_4__7_A__,4__7___,4_I13,0,PITIS,16,par_4_147,FRANCOS RODRIGUEZ,00:29:58,00:29:58,40.45648,-3.71239
METRO,4_I13-071_2023I13_1_1_4__7_A__,4__7___,4_I13,0,PITIS,17,par_4_148,VALDEZARZA,00:32:33,00:32:33,40.46482,-3.71597
METRO,4_I13-071_2023I13_1_1_4__7_A__,4__7___,4_I13,0,PITIS,18,par_4_149,ANTONIO MACHADO,00:34:28,00:34:28,40.47022,-3.71769
METRO,4_I13-071_2023I13_1_1_4__7_A__,4__7___,4_I13,0,PITIS,19,par_4_150,PEÑAGRANDE,00:35:53,00:35:53,40.47592,-3.71582
METRO,4_I13-071_2023I13_1_1_4__7_A__,4__7___,4_I13,0,PITIS,20,par_4_151,AVENIDA DE LA ILUSTRACION,00:37:04,00:37:04,40.4801,-3.7184
METRO,4_I13-071_2023I13_1_1_4__7_A__,4__7___,4_I13,0,PITIS,21,par_4_152,LACOMA,00:38:32,00:38:32,40.48502,-3.72305
METRO,4_I13-071_2023I13_1_1_4__7_A__,4__7___,4_I13,0,PITIS,22,par_4_153,ARROYOFRESNO,00:40:03,00:40:03,40.4909,-3.72604
METRO,4_I13-071_2023I13_1_1_4__7_A__,4__7___,4_I13,0,PITIS,23,par_4_154,PITIS,00:41:16,00:41:16,40.49511,-3.72589
METRO,4_I13-071_2023I13_2_1_4__7_A__,4__7___,4_I13,1,ESTADIO METROPOLITANO,0,par_4_154,PITIS,00:00:00,00:00:00,40.49511,-3.72589
METRO,4_I13-071_2023I13_2_1_4__7_A__,4__7___,4_I13,1,ESTADIO METROPOLITANO,1,par_4_153,ARROYOFRESNO,00:01:13,00:01:13,40.4909,-3.72604
METRO,4_I13-071_2023I13_2_1_4__7_A__,4__7___,4_I13,1,ESTADIO METROPOLITANO,2,par_4_152,LACOMA,00:02:44,00:02:44,40.48502,-3.72305
METRO,4_I13-071_2023I13_2_1_4__7_A__,4__7___,4_I13,1,ESTADIO METROPOLITANO,3,par_4_151,AVENIDA DE LA ILUSTRACION,00:04:13,00:04:13,40.4801,-3.7184
METRO,4_I13-071_2023I13_2_1_4__7_A__,4__7___,4_I13,1,ESTADIO METROPOLITANO,4,par_4_150,PEÑAGRANDE,00:05:23,00:05:23,40.47592,-3.71582
METRO,4_I13-071_2023I13_2_1_4__7_A__,4__7___,4_I13,1,ESTADIO METROPOLITANO,5,par_4_149,ANTONIO MACHADO,00:06:49,00:06:49,40.47022,-3.71769
METRO,4_I13-071_2023I13_2_1_4__7_A__,4__7___,4_I13,1,ESTADIO METROPOLITANO,6,par_4_148,VALDEZARZA,00:08:43,00:08:43,40.46482,-3.71597
METRO,4_I13-071_2023I13_2_1_4__7_A__,4__7___,4_I13,1,ESTADIO METROPOLITANO,7,par_4_147,FRANCOS RODRIGUEZ,00:11:19,00:11:19,40.45648,-3.71239
METRO,4_I13-071_2023I13_2_1_4__7_A__,4__7___,4_I13,1,ESTADIO METROPOLITANO,8,par_4_146,GUZMAN EL BUENO,00:13:46,00:13:46,40.44633,-3.71229
METRO,4_I13-071_2023I13_2_1_4__7_A__,4__7___,4_I13,1,ESTADIO METROPOLITANO,9,par_4_145,ISLAS FILIPINAS,00:16:55,00:16:55,40.43907,-3.71373
METRO,4_I13-071_2023I13_2_1_4__7_A__,4__7___,4_I13,1,ESTADIO METROPOLITANO,10,par_4_144,CANAL,00:18:34,00:18:34,40.4387,-3.70489
METRO,4_I13-071_2023I13_2_1_4__7_A__,4__7___,4_I13,1,ESTADIO METROPOLITANO,11,par_4_143,ALONSO CANO,00:19:35,00:19:35,40.43838,-3.69925
METRO,4_I13-071_2023I13_2_1_4__7_A__,4__7___,4_I13,1,ESTADIO METROPOLITANO,12,par_4_142,GREGORIO MARAÑON,00:20:56,00:20:56,40.43825,-3.69148
METRO,4_I13-071_2023I13_2_1_4__7_A__,4__7___,4_I13,1,ESTADIO METROPOLITANO,13,par_4_141,AVENIDA DE AMERICA,00:23:17,00:23:17,40.43804,-3.67653
METRO,4_I13-071_2023I13_2_1_4__7_A__,4__7___,4_I13,1,ESTADIO METROPOLITANO,14,par_4_140,CARTAGENA,00:24:52,00:24:52,40.43934,-3.67215
METRO,4_I13-071_2023I13_2_1_4__7_A__,4__7___,4_I13,1,ESTADIO METROPOLITANO,15,par_4_139,PARQUE DE LAS AVENIDAS,00:26:25,00:26:25,40.43945,-3.66297
METRO,4_I13-071_2023I13_2_1_4__7_A__,4__7___,4_I13,1,ESTADIO METROPOLITANO,16,par_4_138,BARRIO DE LA CONCEPCION,00:28:25,00:28:25,40.4391,-3.652
METRO,4_I13-071_2023I13_2_1_4__7_A__,4__7___,4_I13,1,ESTADIO METROPOLITANO,17,par_4_137,PUEBLO NUEVO,00:30:31,00:30:31,40.43566,-3.64282
METRO,4_I13-071_2023I13_2_1_4__7_A__,4__7___,4_I13,1,ESTADIO METROPOLITANO,18,par_4_136,ASCAO,00:32:03,00:32:03,40.43021,-3.64106
METRO,4_I13-071_2023I13_2_1_4__7_A__,4__7___,4_I13,1,ESTADIO METROPOLITANO,19,par_4_135,GARCIA NOBLEJAS,00:33:45,00:33:45,40.42842,-3.6333
METRO,4_I13-071_2023I13_2_1_4__7_A__,4__7___,4_I13,1,ESTADIO METROPOLITANO,20,par_4_134,SIMANCAS,00:35:31,00:35:31,40.42799,-3.62572
METRO,4_I13-071_2023I13_2_1_4__7_A__,4__7___,4_I13,1,ESTADIO METROPOLITANO,21,par_4_133,SAN BLAS,00:37:20,00:37:20,40.42799,-3.61547
METRO,4_I13-071_2023I13_2_1_4__7_A__,4__7___,4_I13,1,ESTADIO METROPOLITANO,22,par_4_132,LAS MUSAS,00:39:13,00:39:13,40.43299,-3.60788
METRO,4_I13-071_2023I13_2_1_4__7_A__,4__7___,4_I13,1,ESTADIO METROPOLITANO,23,par_4_286,ESTADIO METROPOLITANO,00:41:16,00:41:16,40.43339,-3.60015
METRO,4_I13-072_2023I13_1_1_4__7_B__,4__7___,4_I13,0,ESTADIO METROPOLITANO,0,par_4_296,HOSPITAL DEL HENARES,00:00:00,00:00:00,40.41761,-3.53453
METRO,4_I13-072_2023I13_1_1_4__7_B__,4__7___,4_I13,0,ESTADIO METROPOLITANO,1,par_4_292,HENARES,00:01:15,00:01:15,40.41777,-3.52718
METRO,4_I13-072_2023I13_1_1_4__7_B__,4__7___,4_I13,0,ESTADIO METROPOLITANO,2,par_4_291,JARAMA,00:02:46,00:02:46,40.42295,-3.52549
METRO,4_I13-072_2023I13_1_1_4__7_B__,4__7___,4_I13,0,ESTADIO METROPOLITANO,3,par_4_290,SAN FERNANDO,00:04:50,00:04:50,40.42441,-3.53541
METRO,4_I13-072_2023I13_1_1_4__7_B__,4__7___,4_I13,0,ESTADIO METROPOLITANO,4,par_4_289,LA RAMBLA,00:06:50,00:06:50,40.42514,-3.54792
METRO,4_I13-072_2023I13_1_1_4__7_B__,4__7___,4_I13,0,ESTADIO METROPOLITANO,5,par_4_288,COSLADA CENTRAL,00:09:14,00:09:14,40.42374,-3.56119
METRO,4_I13-072_2023I13_1_1_4__7_B__,4__7___,4_I13,0,ESTADIO METROPOLITANO,6,par_4_287,BARRIO DEL PUERTO,00:10:29,00:10:29,40.4225,-3.56919
METRO,4_I13-072_2023I13_1_1_4__7_B__,4__7___,4_I13,0,ESTADIO METROPOLITANO,7,par_4_286,ESTADIO METROPOLITANO,00:15:46,00:15:46,40.43339,-3.60015
METRO,4_I13-072_2023I13_2_1_4__7_B__,4__7___,4_I13,1,HOSPITAL DEL HENARES,0,par_4_286,ESTADIO METROPOLITANO,00:00:00,00:00:00,40.43339,-3.60015
METRO,4_I13-072_2023I13_2_1_4__7_B__,4__7___,4_I13,1,HOSPITAL DEL HENARES,1,par_4_287,BARRIO DEL PUERTO,00:05:16,00:05:16,40.4225,-3.56919
METRO,4_I13-072_2023I13_2_1_4__7_B__,4__7___,4_I13,1,HOSPITAL DEL HENARES,2,par_4_288,COSLADA CENTRAL,00:06:31,00:06:31,40.42374,-3.56119
METRO,4_I13-072_2023I13_2_1_4__7_B__,4__7___,4_I13,1,HOSPITAL DEL HENARES,3,par_4_289,LA RAMBLA,00:08:55,00:08:55,40.42514,-3.54792
METRO,4_I13-072_2023I13_2_1_4__7_B__,4__7___,4_I13,1,HOSPITAL DEL HENARES,4,par_4_290,SAN FERNANDO,00:10:55,00:10:55,40.42441,-3.53541
METRO,4_I13-072_2023I13_2_1_4__7_B__,4__7___,4_I13,1,HOSPITAL DEL HENARES,5,par_4_291,JARAMA,00:13:00,00:13:00,40.42295,-3.52549
METRO,4_I13-072_2023I13_2_1_4__7_B__,4__7___,4_I13,1,HOSPITAL DEL HENARES,6,par_4_292,HENARES,00:14:31,00:14:31,40.41777,-3.52718
METRO,4_I13-072_2023I13_2_1_4__7_B__,4__7___,4_I13,1,HOSPITAL DEL HENARES,7,par_4_296,HOSPITAL DEL HENARES,00:15:46,00:15:46,40.41761,-3.53453
METRO,4_I13-091_2023I13_1_1_4__9_A__,4__9___,4_I13,0,PUERTA DE ARGANDA,0,par_4_345,PACO DE LUCIA,00:00:00,00:00:00,40.49965,-3.70908
METRO,4_I13-091_2023I13_1_1_4__9_A__,4__9___,4_I13,0,PUERTA DE ARGANDA,1,par_4_326,MIRASIERRA,00:03:19,00:03:19,40.4911,-3.71634
METRO,4_I13-091_2023I13_1_1_4__9_A__,4__9___,4_I13,0,PUERTA DE ARGANDA,2,par_4_161,HERRERA ORIA,00:05:59,00:05:59,40.48466,-3.70751
METRO,4_I13-091_2023I13_1_1_4__9_A__,4__9___,4_I13,0,PUERTA DE ARGANDA,3,par_4_162,BARRIO DEL PILAR,00:08:08,00:08:08,40.47689,-3.70316
METRO,4_I13-091_2023I13_1_1_4__9_A__,4__9___,4_I13,0,PUERTA DE ARGANDA,4,par_4_163,VENTILLA,00:10:27,00:10:27,40.46944,-3.69588
METRO,4_I13-091_2023I13_1_1_4__9_A__,4__9___,4_I13,0,PUERTA DE ARGANDA,5,par_4_164,PLAZA DE CASTILLA,00:12:24,00:12:24,40.4669,-3.68913
METRO,4_I13-091_2023I13_1_1_4__9_A__,4__9___,4_I13,0,PUERTA DE ARGANDA,6,par_4_165,DUQUE DE PASTRANA,00:13:47,00:13:47,40.46763,-3.67917
METRO,4_I13-091_2023I13_1_1_4__9_A__,4__9___,4_I13,0,PUERTA DE ARGANDA,7,par_4_166,PIO XII,00:15:28,00:15:28,40.463,-3.67579
METRO,4_I13-091_2023I13_1_1_4__9_A__,4__9___,4_I13,0,PUERTA DE ARGANDA,8,par_4_167,COLOMBIA,00:17:03,00:17:03,40.45749,-3.67694
METRO,4_I13-091_2023I13_1_1_4__9_A__,4__9___,4_I13,0,PUERTA DE ARGANDA,9,par_4_168,CONCHA ESPINA,00:18:40,00:18:40,40.45145,-3.67738
METRO,4_I13-091_2023I13_1_1_4__9_A__,4__9___,4_I13,0,PUERTA DE ARGANDA,10,par_4_169,CRUZ DEL RAYO,00:20:16,00:20:16,40.44427,-3.67821
METRO,4_I13-091_2023I13_1_1_4__9_A__,4__9___,4_I13,0,PUERTA DE ARGANDA,11,par_4_170,AVENIDA DE AMERICA,00:21:53,00:21:53,40.43804,-3.67647
METRO,4_I13-091_2023I13_1_1_4__9_A__,4__9___,4_I13,0,PUERTA DE ARGANDA,12,par_4_171,NUÑEZ DE BALBOA,00:23:31,00:23:31,40.43013,-3.67936
METRO,4_I13-091_2023I13_1_1_4__9_A__,4__9___,4_I13,0,PUERTA DE ARGANDA,13,par_4_172,PRINCIPE DE VERGARA,00:25:20,00:25:20,40.42418,-3.68024
METRO,4_I13-091_2023I13_1_1_4__9_A__,4__9___,4_I13,0,PUERTA DE ARGANDA,14,par_4_173,IBIZA,00:26:56,00:26:56,40.41839,-3.67858
METRO,4_I13-091_2023I13_1_1_4__9_A__,4__9___,4_I13,0,PUERTA DE ARGANDA,15,par_4_174,SAINZ DE BARANDA,00:29:05,00:29:05,40.41503,-3.66951
METRO,4_I13-091_2023I13_1_1_4__9_A__,4__9___,4_I13,0,PUERTA DE ARGANDA,16,par_4_175,ESTRELLA,00:30:58,00:30:58,40.41147,-3.66179
METRO,4_I13-091_2023I13_1_1_4__9_A__,4__9___,4_I13,0,PUERTA DE ARGANDA,17,par_4_176,VINATEROS,00:32:59,00:32:59,40.41024,-3.65273
METRO,4_I13-091_2023I13_1_1_4__9_A__,4__9___,4_I13,0,PUERTA DE ARGANDA,18,par_4_177,ARTILLEROS,00:34:55,00:34:55,40.40522,-3.64181
METRO,4_I13-091_2023I13_1_1_4__9_A__,4__9___,4_I13,0,PUERTA DE ARGANDA,19,par_4_178,PAVONES,00:37:01,00:37:01,40.40051,-3.63512
METRO,4_I13-091_2023I13_1_1_4__9_A__,4__9___,4_I13,0,PUERTA DE ARGANDA,20,par_4_179,VALDEBERNARDO,00:40:10,00:40:10,40.40005,-3.62156
METRO,4_I13-091_2023I13_1_1_4__9_A__,4__9___,4_I13,0,PUERTA DE ARGANDA,21,par_4_180,VICALVARO,00:43:17,00:43:17,40.40422,-3.60886
METRO,4_I13-091_2023I13_1_1_4__9_A__,4__9___,4_I13,0,PUERTA DE ARGANDA,22,par_4_181,SAN CIPRIANO,00:44:25,00:44:25,40.40381,-3.60239
METRO,4_I13-091_2023I13_1_1_4__9_A__,4__9___,4_I13,0,PUERTA DE ARGANDA,23,par_4_182,PUERTA DE ARGANDA,00:45:53,00:45:53,40.40132,-3.59598
METRO,4_I13-091_2023I13_2_1_4__9_A__,4__9___,4_I13,1,PACO DE LUCIA,0,par_4_182,PUERTA DE ARGANDA,00:00:00,00:00:00,40.40132,-3.59598
METRO,4_I13-091_2023I13_2_1_4__9_A__,4__9___,4_I13,1,PACO DE LUCIA,1,par_4_181,SAN CIPRIANO,00:01:28,00:01:28,40.40381,-3.60239
METRO,4_I13-091_2023I13_2_1_4__9_A__,4__9___,4_I13,1,PACO DE LUCIA,2,par_4_180,VICALVARO,00:02:36,00:02:36,40.40422,-3.60886
METRO,4_I13-091_2023I13_2_1_4__9_A__,4__9___,4_I13,1,PACO DE LUCIA,3,par_4_179,VALDEBERNARDO,00:05:43,00:05:43,40.40005,-3.62156
METRO,4_I13-091_2023I13_2_1_4__9_A__,4__9___,4_I13,1,PACO DE LUCIA,4,par_4_178,PAVONES,00:08:52,00:08:52,40.40051,-3.63512
METRO,4_I13-091_2023I13_2_1_4__9_A__,4__9___,4_I13,1,PACO DE LUCIA,5,par_4_177,ARTILLEROS,00:10:58,00:10:58,40.40522,-3.64181
METRO,4_I13-091_2023I13_2_1_4__9_A__,4__9___,4_I13,1,PACO DE LUCIA,6,par_4_176,VINATEROS,00:12:54,00:12:54,40.41024,-3.65273
METRO,4_I13-091_2023I13_2_1_4__9_A__,4__9___,4_I13,1,PACO DE LUCIA,7,par_4_175,ESTRELLA,00:14:55,00:14:55,40.41147,-3.66179
METRO,4_I13-091_2023I13_2_1_4__9_A__,4__9___,4_I13,1,PACO DE LUCIA,8,par_4_174,SAINZ DE BARANDA,00:16:48,00:16:48,40.41503,-3.66951
METRO,4_I13-091_2023I13_2_1_4__9_A__,4__9___,4_I13,1,PACO DE LUCIA,9,par_4_173,IBIZA,00:18:56,00:18:56,40.41839,-3.67858
METRO,4_I13-091_2023I13_2_1_4__9_A__,4__9___,4_I13,1,PACO DE LUCIA,10,par_4_172,PRINCIPE DE VERGARA,00:20:32,00:20:32,40.42418,-3.68024
METRO,4_I13-091_2023I13_2_1_4__9_A__,4__9___,4_I13,1,PACO DE LUCIA,11,par_4_171,NUÑEZ DE BALBOA,00:22:22,00:22:22,40.43013,-3.67936
METRO,4_I13-091_2023I13_2_1_4__9_A__,4__9___,4_I13,1,PACO DE LUCIA,12,par_4_170,AVENIDA DE AMERICA,00:24:00,00:24:00,40.43804,-3.67647
METRO,4_I13-091_2023I13_2_1_4__9_A__,4__9___,4_I13,1,PACO DE LUCIA,13,par_4_169,CRUZ DEL RAYO,00:25:37,00:25:37,40.44427,-3.67821
METRO,4_I13-091_2023I13_2_1_4__9_A__,4__9___,4_I13,1,PACO DE LUCIA,14,par_4_168,CONCHA ESPINA,00:27:13,00:27:13,40.45145,-3.67738
METRO,4_I13-091_2023I13_2_1_4__9_A__,4__9___,4_I13,1,PACO DE LUCIA,15,par_4_167,COLOMBIA,00:28:50,00:28:50,40.45749,-3.67694
METRO,4_I13-091_2023I13_2_1_4__9_A__,4__9___,4_I13,1,PACO DE LUCIA,16,par_4_166,PIO XII,00:30:25,00:30:25,40.463,-3.67579
METRO,4_I13-091_2023I13_2_1_4__9_A__,4__9___,4_I13,1,PACO DE LUCIA,17,par_4_165,DUQUE DE PASTRANA,00:32:06,00:32:06,40.46763,-3.67917
METRO,4_I13-091_2023I13_2_1_4__9_A__,4__9___,4_I13,1,PACO DE LUCIA,18,par_4_164,PLAZA DE CASTILLA,00:33:29,00:33:29,40.4669,-3.68913
METRO,4_I13-091_2023I13_2_1_4__9_A__,4__9___,4_I13,1,PACO DE LUCIA,19,par_4_163,VENTILLA,00:35:26,00:35:26,40.46944,-3.69588
METRO,4_I13-091_2023I13_2_1_4__9_A__,4__9___,4_I13,1,PACO DE LUCIA,20,par_4_162,BARRIO DEL PILAR,00:37:44,00:37:44,40.47689,-3.70316
METRO,4_I13-091_2023I13_2_1_4__9_A__,4__9___,4_I13,1,PACO DE LUCIA,21,par_4_161,HERRERA ORIA,00:39:53,00:39:53,40.48466,-3.70751
METRO,4_I13-091_2023I13_2_1_4__9_A__,4__9___,4_I13,1,PACO DE LUCIA,22,par_4_326,MIRASIERRA,00:42:34,00:42:34,40.4911,-3.71634
METRO,4_I13-091_2023I13_2_1_4__9_A__,4__9___,4_I13,1,PACO DE LUCIA,23,par_4_345,PACO DE LUCIA,00:45:53,00:45:53,40.49965,-3.70908
METRO,4_I13-092_2023I13_1_1_4__9_B__,4__9___,4_I13,0,ARGANDA DEL REY,0,par_4_182,PUERTA DE ARGANDA,06:05:00,06:05:00,40.40132,-3.59598
METRO,4_I13-092_2023I13_1_1_4__9_B__,4__9___,4_I13,0,ARGANDA DEL REY,1,par_4_183,RIVAS URBANIZACIONES,06:11:23,06:11:23,40.36677,-3.54728
METRO,4_I13-092_2023I13_1_1_4__9_B__,4__9___,4_I13,0,ARGANDA DEL REY,2,par_4_300,RIVAS FUTURA,06:15:17,06:15:17,40.34134,-3.52479
METRO,4_I13-092_2023I13_1_1_4__9_B__,4__9___,4_I13,0,ARGANDA DEL REY,3,par_4_184,RIVAS VACIAMADRID,06:17:02,06:17:02,40.32837,-3.5206
METRO,4_I13-092_2023I13_1_1_4__9_B__,4__9___,4_I13,0,ARGANDA DEL REY,4,par_4_185,LA POVEDA,06:21:52,06:21:52,40.31902,-3.47745
METRO,4_I13-092_2023I13_1_1_4__9_B__,4__9___,4_I13,0,ARGANDA DEL REY,5,par_4_186,ARGANDA DEL REY,06:25:58,06:25:58,40.30367,-3.44752
METRO,4_I13-092_2023I13_2_1_4__9_B__,4__9___,4_I13,1,PUERTA DE ARGANDA,0,par_4_186,ARGANDA DEL REY,06:05:00,06:05:00,40.30367,-3.44752
METRO,4_I13-092_2023I13_2_1_4__9_B__,4__9___,4_I13,1,PUERTA DE ARGANDA,1,par_4_185,LA POVEDA,06:09:05,06:09:05,40.31902,-3.47745
METRO,4_I13-092_2023I13_2_1_4__9_B__,4__9___,4_I13,1,PUERTA DE ARGANDA,2,par_4_184,RIVAS VACIAMADRID,06:13:56,06:13:56,40.32837,-3.5206
METRO,4_I13-092_2023I13_2_1_4__9_B__,4__9___,4_I13,1,PUERTA DE ARGANDA,3,par_4_300,RIVAS FUTURA,06:15:41,06:15:41,40.34134,-3.52479
METRO,4_I13-092_2023I13_2_1_4__9_B__,4__9___,4_I13,1,PUERTA DE ARGANDA,4,par_4_183,RIVAS URBANIZACIONES,06:19:34,06:19:34,40.36677,-3.54728
METRO,4_I13-092_2023I13_2_1_4__9_B__,4__9___,4_I13,1,PUERTA DE ARGANDA,5,par_4_182,PUERTA DE ARGANDA,06:25:58,06:25:58,40.40132,-3.59598
METRO,4_I13-101_2023I13_1_1_4__10_A__,4__10___,4_I13,0,PUERTA DEL SUR,0,par_4_274,TRES OLIVOS,00:00:00,00:00:00,40.5012,-3.6952
METRO,4_I13-101_2023I13_1_1_4__10_A__,4__10___,4_I13,0,PUERTA DEL SUR,1,par_4_187,FUENCARRAL,00:01:20,00:01:20,40.49509,-3.69283
METRO,4_I13-101_2023I13_1_1_4__10_A__,4__10___,4_I13,0,PUERTA DEL SUR,2,par_4_188,BEGOÑA,00:04:06,00:04:06,40.48041,-3.68585
METRO,4_I13-101_2023I13_1_1_4__10_A__,4__10___,4_I13,0,PUERTA DEL SUR,3,par_4_189,CHAMARTIN,00:06:06,00:06:06,40.4721,-3.68259
METRO,4_I13-101_2023I13_1_1_4__10_A__,4__10___,4_I13,0,PUERTA DEL SUR,4,par_4_190,PLAZA DE CASTILLA,00:07:43,00:07:43,40.4669,-3.68909
METRO,4_I13-101_2023I13_1_1_4__10_A__,4__10___,4_I13,0,PUERTA DEL SUR,5,par_4_191,CUZCO,00:09:27,00:09:27,40.45842,-3.68985
METRO,4_I13-101_2023I13_1_1_4__10_A__,4__10___,4_I13,0,PUERTA DEL SUR,6,par_4_192,SANTIAGO BERNABEU,00:10:59,00:10:59,40.45159,-3.69038
METRO,4_I13-101_2023I13_1_1_4__10_A__,4__10___,4_I13,0,PUERTA DEL SUR,7,par_4_193,NUEVOS MINISTERIOS,00:12:31,00:12:31,40.44659,-3.69241
METRO,4_I13-101_2023I13_1_1_4__10_A__,4__10___,4_I13,0,PUERTA DEL SUR,8,par_4_194,GREGORIO MARAÑON,00:14:11,00:14:11,40.43753,-3.69127
METRO,4_I13-101_2023I13_1_1_4__10_A__,4__10___,4_I13,0,PUERTA DEL SUR,9,par_4_195,ALONSO MARTINEZ,00:16:25,00:16:25,40.42853,-3.69643
METRO,4_I13-101_2023I13_1_1_4__10_A__,4__10___,4_I13,0,PUERTA DEL SUR,10,par_4_196,TRIBUNAL,00:17:31,00:17:31,40.426,-3.70208
METRO,4_I13-101_2023I13_1_1_4__10_A__,4__10___,4_I13,0,PUERTA DEL SUR,11,par_4_197,PLAZA DE ESPAÑA,00:18:50,00:18:50,40.42409,-3.7097
METRO,4_I13-101_2023I13_1_1_4__10_A__,4__10___,4_I13,0,PUERTA DEL SUR,12,par_4_198,PRINCIPE PIO,00:20:35,00:20:35,40.42103,-3.72033
METRO,4_I13-101_2023I13_1_1_4__10_A__,4__10___,4_I13,0,PUERTA DEL SUR,13,par_4_199,LAGO,00:23:58,00:23:58,40.41641,-3.73563
METRO,4_I13-101_2023I13_1_1_4__10_A__,4__10___,4_I13,0,PUERTA DEL SUR,14,par_4_200,BATAN,00:27:37,00:27:37,40.40786,-3.75311
METRO,4_I13-101_2023I13_1_1_4__10_A__,4__10___,4_I13,0,PUERTA DEL SUR,15,par_4_201,CASA DE CAMPO,00:29:26,00:29:26,40.40321,-3.76101
METRO,4_I13-101_2023I13_1_1_4__10_A__,4__10___,4_I13,0,PUERTA DEL SUR,16,par_4_202,COLONIA JARDIN,00:31:56,00:31:56,40.39698,-3.77462
METRO,4_I13-101_2023I13_1_1_4__10_A__,4__10___,4_I13,0,PUERTA DEL SUR,17,par_4_257,AVIACION ESPAÑOLA,00:35:37,00:35:37,40.38364,-3.78392
METRO,4_I13-101_2023I13_1_1_4__10_A__,4__10___,4_I13,0,PUERTA DEL SUR,18,par_4_203,CUATRO VIENTOS,00:37:30,00:37:30,40.37771,-3.79152
METRO,4_I13-101_2023I13_1_1_4__10_A__,4__10___,4_I13,0,PUERTA DEL SUR,19,par_4_204,JOAQUIN VILUMBRALES,00:43:54,00:43:54,40.34985,-3.8072
METRO,4_I13-101_2023I13_1_1_4__10_A__,4__10___,4_I13,0,PUERTA DEL SUR,20,par_4_205,PUERTA DEL SUR,00:45:17,00:45:17,40.34524,-3.81211
METRO,4_I13-101_2023I13_2_1_4__10_A__,4__10___,4_I13,1,TRES OLIVOS,0,par_4_205,PUERTA DEL SUR,00:00:00,00:00:00,40.34524,-3.81211
METRO,4_I13-101_2023I13_2_1_4__10_A__,4__10___,4_I13,1,TRES OLIVOS,1,par_4_204,JOAQUIN VILUMBRALES,00:01:23,00:01:23,40.34985,-3.8072
METRO,4_I13-101_2023I13_2_1_4__10_A__,4__10___,4_I13,1,TRES OLIVOS,2,par_4_203,CUATRO VIENTOS,00:07:47,00:07:47,40.37771,-3.79152
METRO,4_I13-101_2023I13_2_1_4__10_A__,4__10___,4_I13,1,TRES OLIVOS,3,par_4_257,AVIACION ESPAÑOLA,00:09:40,00:09:40,40.38364,-3.78392
METRO,4_I13-101_2023I13_2_1_4__10_A__,4__10___,4_I13,1,TRES OLIVOS,4,par_4_202,COLONIA JARDIN,00:13:20,00:13:20,40.39698,-3.77462
METRO,4_I13-101_2023I13_2_1_4__10_A__,4__10___,4_I13,1,TRES OLIVOS,5,par_4_201,CASA DE CAMPO,00:15:51,00:15:51,40.40321,-3.76101
METRO,4_I13-101_2023I13_2_1_4__10_A__,4__10___,4_I13,1,TRES OLIVOS,6,par_4_200,BATAN,00:17:40,00:17:40,40.40786,-3.75311
METRO,4_I13-101_2023I13_2_1_4__10_A__,4__10___,4_I13,1,TRES OLIVOS,7,par_4_199,LAGO,00:21:19,00:21:19,40.41641,-3.73563
METRO,4_I13-101_2023I13_2_1_4__10_A__,4__10___,4_I13,1,TRES OLIVOS,8,par_4_198,PRINCIPE PIO,00:24:17,00:24:17,40.42103,-3.72033
METRO,4_I13-101_2023I13_2_1_4__10_A__,4__10___,4_I13,1,TRES OLIVOS,9,par_4_197,PLAZA DE ESPAÑA,00:26:04,00:26:04,40.42409,-3.7097
METRO,4_I13-101_2023I13_2_1_4__10_A__,4__10___,4_I13,1,TRES OLIVOS,10,par_4_196,TRIBUNAL,00:27:23,00:27:23,40.426,-3.70208
METRO,4_I13-101_2023I13_2_1_4__10_A__,4__10___,4_I13,1,TRES OLIVOS,11,par_4_195,ALONSO MARTINEZ,00:28:29,00:28:29,40.42853,-3.69643
METRO,4_I13-101_2023I13_2_1_4__10_A__,4__10___,4_I13,1,TRES OLIVOS,12,par_4_194,GREGORIO MARAÑON,00:30:43,00:30:43,40.43753,-3.69127
METRO,4_I13-101_2023I13_2_1_4__10_A__,4__10___,4_I13,1,TRES OLIVOS,13,par_4_193,NUEVOS MINISTERIOS,00:32:23,00:32:23,40.44659,-3.69241
METRO,4_I13-101_2023I13_2_1_4__10_A__,4__10___,4_I13,1,TRES OLIVOS,14,par_4_192,SANTIAGO BERNABEU,00:33:55,00:33:55,40.45159,-3.69038
METRO,4_I13-101_2023I13_2_1_4__10_A__,4__10___,4_I13,1,TRES OLIVOS,15,par_4_191,CUZCO,00:35:27,00:35:27,40.45842,-3.68985
METRO,4_I13-101_2023I13_2_1_4__10_A__,4__10___,4_I13,1,TRES OLIVOS,16,par_4_190,PLAZA DE CASTILLA,00:37:11,00:37:11,40.4669,-3.68909
METRO,4_I13-101_2023I13_2_1_4__10_A__,4__10___,4_I13,1,TRES OLIVOS,17,par_4_189,CHAMARTIN,00:38:48,00:38:48,40.4721,-3.68259
METRO,4_I13-101_2023I13_2_1_4__10_A__,4__10___,4_I13,1,TRES OLIVOS,18,par_4_188,BEGOÑA,00:40:48,00:40:48,40.48041,-3.68585
METRO,4_I13-101_2023I13_2_1_4__10_A__,4__10___,4_I13,1,TRES OLIVOS,19,par_4_187,FUENCARRAL,00:43:34,00:43:34,40.49509,-3.69283
METRO,4_I13-101_2023I13_2_1_4__10_A__,4__10___,4_I13,1,TRES OLIVOS,20,par_4_274,TRES OLIVOS,00:44:54,00:44:54,40.5012,-3.6952
METRO,4_I13-102_2023I13_1_1_4__10_B__,4__10___,4_I13,0,TRES OLIVOS,0,par_4_284,HOSPITAL INFANTA SOFIA,00:00:00,00:00:00,40.55977,-3.61145
METRO,4_I13-102_2023I13_1_1_4__10_B__,4__10___,4_I13,0,TRES OLIVOS,1,par_4_283,REYES CATOLICOS,00:02:23,00:02:23,40.55037,-3.6234
METRO,4_I13-102_2023I13_1_1_4__10_B__,4__10___,4_I13,0,TRES OLIVOS,2,par_4_282,BAUNATAL,00:04:14,00:04:14,40.55442,-3.63513
METRO,4_I13-102_2023I13_1_1_4__10_B__,4__10___,4_I13,0,TRES OLIVOS,3,par_4_281,MANUEL DE FALLA,00:05:50,00:05:50,40.55048,-3.64688
METRO,4_I13-102_2023I13_1_1_4__10_B__,4__10___,4_I13,0,TRES OLIVOS,4,par_4_280,MARQUES DE LA VALDAVIA,00:08:35,00:08:35,40.54102,-3.63738
METRO,4_I13-102_2023I13_1_1_4__10_B__,4__10___,4_I13,0,TRES OLIVOS,5,par_4_279,LA MORALEJA,00:10:55,00:10:55,40.53196,-3.63556
METRO,4_I13-102_2023I13_1_1_4__10_B__,4__10___,4_I13,0,TRES OLIVOS,6,par_4_278,LA GRANJA,00:14:08,00:14:08,40.5276,-3.65859
METRO,4_I13-102_2023I13_1_1_4__10_B__,4__10___,4_I13,0,TRES OLIVOS,7,par_4_277,RONDA DE LA COMUNICACION,00:16:33,00:16:33,40.51553,-3.66277
METRO,4_I13-102_2023I13_1_1_4__10_B__,4__10___,4_I13,0,TRES OLIVOS,8,par_4_276,LAS TABLAS,00:18:12,00:18:12,40.50833,-3.66944
METRO,4_I13-102_2023I13_1_1_4__10_B__,4__10___,4_I13,0,TRES OLIVOS,9,par_4_275,MONTECARMELO,00:23:34,00:23:34,40.50525,-3.69575
METRO,4_I13-102_2023I13_1_1_4__10_B__,4__10___,4_I13,0,TRES OLIVOS,10,par_4_274,TRES OLIVOS,00:24:37,00:24:37,40.5012,-3.6952
METRO,4_I13-102_2023I13_2_1_4__10_B__,4__10___,4_I13,1,HOSPITAL INFANTA SOFIA,0,par_4_274,TRES OLIVOS,00:00:00,00:00:00,40.5012,-3.6952
METRO,4_I13-102_2023I13_2_1_4__10_B__,4__10___,4_I13,1,HOSPITAL INFANTA SOFIA,1,par_4_275,MONTECARMELO,00:01:03,00:01:03,40.50525,-3.69575
METRO,4_I13-102_2023I13_2_1_4__10_B__,4__10___,4_I13,1,HOSPITAL INFANTA SOFIA,2,par_4_276,LAS TABLAS,00:06:25,00:06:25,40.50833,-3.66944
METRO,4_I13-102_2023I13_2_1_4__10_B__,4__10___,4_I13,1,HOSPITAL INFANTA SOFIA,3,par_4_277,RONDA DE LA COMUNICACION,00:08:04,00:08:04,40.51553,-3.66277
METRO,4_I13-102_2023I13_2_1_4__10_B__,4__10___,4_I13,1,HOSPITAL INFANTA SOFIA,4,par_4_278,LA GRANJA,00:10:29,00:10:29,40.5276,-3.65859
METRO,4_I13-102_2023I13_2_1_4__10_B__,4__10___,4_I13,1,HOSPITAL INFANTA SOFIA,5,par_4_279,LA MORALEJA,00:13:42,00:13:42,40.53196,-3.63556
METRO,4_I13-102_2023I13_2_1_4__10_B__,4__10___,4_I13,1,HOSPITAL INFANTA SOFIA,6,par_4_280,MARQUES DE LA VALDAVIA,00:16:02,00:16:02,40.54102,-3.63738
METRO,4_I13-102_2023I13_2_1_4__10_B__,4__10___,4_I13,1,HOSPITAL INFANTA SOFIA,7,par_4_281,MANUEL DE FALLA,00:18:47,00:18:47,40.55048,-3.64688
METRO,4_I13-102_2023I13_2_1_4__10_B__,4__10___,4_I13,1,HOSPITAL INFANTA SOFIA,8,par_4_282,BAUNATAL,00:20:23,00:20:23,40.55442,-3.63513
METRO,4_I13-102_2023I13_2_1_4__10_B__,4__10___,4_I13,1,HOSPITAL INFANTA SOFIA,9,par_4_283,REYES CATOLICOS,00:22:14,00:22:14,40.55037,-3.6234
METRO,4_I13-102_2023I13_2_1_4__10_B__,4__10___,4_I13,1,HOSPITAL INFANTA SOFIA,10,par_4_284,HOSPITAL INFANTA SOFIA,00:24:37,00:24:37,40.55977,-3.61145
METRO,4_I13-121_2023I13_1_1_4__12_1__,4__12___,4_I13,0,PUERTA DEL SUR,0,par_4_209,PUERTA DEL SUR,00:00:00,00:00:00,40.34543,-3.81249
METRO,4_I13-121_2023I13_1_1_4__12_1__,4__12___,4_I13,0,PUERTA DEL SUR,1,par_4_210,PARQUE LISBOA,00:01:17,00:01:17,40.34969,-3.8212
METRO,4_I13-121_2023I13_1_1_4__12_1__,4__12___,4_I13,0,PUERTA DEL SUR,2,par_4_211,ALCORCON CENTRAL,00:03:05,00:03:05,40.35008,-3.83178
METRO,4_I13-121_2023I13_1_1_4__12_1__,4__12___,4_I13,0,PUERTA DEL SUR,3,par_4_212,PARQUE OESTE,00:05:29,00:05:29,40.34589,-3.84934
METRO,4_I13-121_2023I13_1_1_4__12_1__,4__12___,4_I13,0,PUERTA DEL SUR,4,par_4_213,UNIVERSIDAD REY JUAN CARLOS,00:09:21,00:09:21,40.33512,-3.87218
METRO,4_I13-121_2023I13_1_1_4__12_1__,4__12___,4_I13,0,PUERTA DEL SUR,5,par_4_214,MOSTOLES CENTRAL,00:11:13,00:11:13,40.3285,-3.86354
METRO,4_I13-121_2023I13_1_1_4__12_1__,4__12___,4_I13,0,PUERTA DEL SUR,6,par_4_215,PRADILLO,00:12:19,00:12:19,40.32168,-3.86489
METRO,4_I13-121_2023I13_1_1_4__12_1__,4__12___,4_I13,0,PUERTA DEL SUR,7,par_4_216,HOSPITAL DE MOSTOLES,00:13:52,00:13:52,40.31652,-3.87471
METRO,4_I13-121_2023I13_1_1_4__12_1__,4__12___,4_I13,0,PUERTA DEL SUR,8,par_4_217,MANUELA MALASAÑA,00:16:09,00:16:09,40.30903,-3.86402
METRO,4_I13-121_2023I13_1_1_4__12_1__,4__12___,4_I13,0,PUERTA DEL SUR,9,par_4_218,LORANCA,00:20:25,00:20:25,40.29681,-3.83768
METRO,4_I13-121_2023I13_1_1_4__12_1__,4__12___,4_I13,0,PUERTA DEL SUR,10,par_4_219,HOSPITAL DE FUENLABRADA,00:23:48,00:23:48,40.28576,-3.81642
METRO,4_I13-121_2023I13_1_1_4__12_1__,4__12___,4_I13,0,PUERTA DEL SUR,11,par_4_220,PARQUE EUROPA,00:24:58,00:24:58,40.28518,-3.80632
METRO,4_I13-121_2023I13_1_1_4__12_1__,4__12___,4_I13,0,PUERTA DEL SUR,12,par_4_221,FUENLABRADA CENTRAL,00:26:10,00:26:10,40.28268,-3.79891
METRO,4_I13-121_2023I13_1_1_4__12_1__,4__12___,4_I13,0,PUERTA DEL SUR,13,par_4_222,PARQUE DE LOS ESTADOS,00:28:05,00:28:05,40.28684,-3.78697
METRO,4_I13-121_2023I13_1_1_4__12_1__,4__12___,4_I13,0,PUERTA DEL SUR,14,par_4_223,ARROYO CULEBRO,00:32:08,00:32:08,40.28874,-3.75682
METRO,4_I13-121_2023I13_1_1_4__12_1__,4__12___,4_I13,0,PUERTA DEL SUR,15,par_4_224,CONSERVATORIO,00:33:37,00:33:37,40.29324,-3.74576
METRO,4_I13-121_2023I13_1_1_4__12_1__,4__12___,4_I13,0,PUERTA DEL SUR,16,par_4_225,ALONSO DE MENDOZA,00:35:25,00:35:25,40.30081,-3.73664
METRO,4_I13-121_2023I13_1_1_4__12_1__,4__12___,4_I13,0,PUERTA DEL SUR,17,par_4_226,GETAFE CENTRAL,00:37:22,00:37:22,40.30993,-3.73403
METRO,4_I13-121_2023I13_1_1_4__12_1__,4__12___,4_I13,0,PUERTA DEL SUR,18,par_4_227,JUAN DE LA CIERVA,00:39:14,00:39:14,40.3118,-3.72224
METRO,4_I13-121_2023I13_1_1_4__12_1__,4__12___,4_I13,0,PUERTA DEL SUR,19,par_4_228,EL CASAR,00:41:34,00:41:34,40.31862,-3.70985
METRO,4_I13-121_2023I13_1_1_4__12_1__,4__12___,4_I13,0,PUERTA DEL SUR,20,par_4_229,LOS ESPARTALES,00:42:53,00:42:53,40.32423,-3.7182
METRO,4_I13-121_2023I13_1_1_4__12_1__,4__12___,4_I13,0,PUERTA DEL SUR,21,par_4_230,EL BERCIAL,00:44:40,00:44:40,40.32907,-3.72963
METRO,4_I13-121_2023I13_1_1_4__12_1__,4__12___,4_I13,0,PUERTA DEL SUR,22,par_4_231,EL CARRASCAL,00:46:52,00:46:52,40.33664,-3.74018
METRO,4_I13-121_2023I13_1_1_4__12_1__,4__12___,4_I13,0,PUERTA DEL SUR,23,par_4_232,JULIAN BESTEIRO,00:48:25,00:48:25,40.33475,-3.75266
METRO,4_I13-121_2023I13_1_1_4__12_1__,4__12___,4_I13,0,PUERTA DEL SUR,24,par_4_233,CASA DEL RELOJ,00:50:26,00:50:26,40.3266,-3.75942
METRO,4_I13-121_2023I13_1_1_4__12_1__,4__12___,4_I13,0,PUERTA DEL SUR,25,par_4_234,HOSPITAL SEVERO OCHOA,00:51:46,00:51:46,40.32177,-3.76797
METRO,4_I13-121_2023I13_1_1_4__12_1__,4__12___,4_I13,0,PUERTA DEL SUR,26,par_4_235,LEGANES CENTRAL,00:53:26,00:53:26,40.32899,-3.77154
METRO,4_I13-121_2023I13_1_1_4__12_1__,4__12___,4_I13,0,PUERTA DEL SUR,27,par_4_236,SAN NICASIO,00:55:03,00:55:03,40.33616,-3.77587
METRO,4_I13-121_2023I13_1_1_4__12_1__,4__12___,4_I13,0,PUERTA DEL SUR,28,par_4_209,PUERTA DEL SUR,01:00:05,01:00:05,40.34543,-3.81249
METRO,4_I13-122_2023I13_1_1_4__12_2__,4__12___,4_I13,1,PUERTA DEL SUR,0,par_4_209,PUERTA DEL SUR,00:00:00,00:00:00,40.34543,-3.81249
METRO,4_I13-122_2023I13_1_1_4__12_2__,4__12___,4_I13,1,PUERTA DEL SUR,1,par_4_236,SAN NICASIO,00:05:02,00:05:02,40.33616,-3.77587
METRO,4_I13-122_2023I13_1_1_4__12_2__,4__12___,4_I13,1,PUERTA DEL SUR,2,par_4_235,LEGANES CENTRAL,00:06:39,00:06:39,40.32899,-3.77154
METRO,4_I13-122_2023I13_1_1_4__12_2__,4__12___,4_I13,1,PUERTA DEL SUR,3,par_4_234,HOSPITAL SEVERO OCHOA,00:08:19,00:08:19,40.32177,-3.76797
METRO,4_I13-122_2023I13_1_1_4__12_2__,4__12___,4_I13,1,PUERTA DEL SUR,4,par_4_233,CASA DEL RELOJ,00:09:38,00:09:38,40.3266,-3.75942
METRO,4_I13-122_2023I13_1_1_4__12_2__,4__12___,4_I13,1,PUERTA DEL SUR,5,par_4_232,JULIAN BESTEIRO,00:11:39,00:11:39,40.33475,-3.75266
METRO,4_I13-122_2023I13_1_1_4__12_2__,4__12___,4_I13,1,PUERTA DEL SUR,6,par_4_231,EL CARRASCAL,00:13:12,00:13:12,40.33664,-3.74018
METRO,4_I13-122_2023I13_1_1_4__12_2__,4__12___,4_I13,1,PUERTA DEL SUR,7,par_4_230,EL BERCIAL,00:15:24,00:15:24,40.32907,-3.72963
METRO,4_I13-122_2023I13_1_1_4__12_2__,4__12___,4_I13,1,PUERTA DEL SUR,8,par_4_229,LOS ESPARTALES,00:17:11,00:17:11,40.32423,-3.7182
METRO,4_I13-122_2023I13_1_1_4__12_2__,4__12___,4_I13,1,PUERTA DEL SUR,9,par_4_228,EL CASAR,00:18:31,00:18:31,40.31862,-3.70985
METRO,4_I13-122_2023I13_1_1_4__12_2__,4__12___,4_I13,1,PUERTA DEL SUR,10,par_4_227,JUAN DE LA CIERVA,00:20:50,00:20:50,40.3118,-3.72224
METRO,4_I13-122_2023I13_1_1_4__12_2__,4__12___,4_I13,1,PUERTA DEL SUR,11,par_4_226,GETAFE CENTRAL,00:22:42,00:22:42,40.30993,-3.73403
METRO,4_I13-122_2023I13_1_1_4__12_2__,4__12___,4_I13,1,PUERTA DEL SUR,12,par_4_225,ALONSO DE MENDOZA,00:24:39,00:24:39,40.30081,-3.73664
METRO,4_I13-122_2023I13_1_1_4__12_2__,4__12___,4_I13,1,PUERTA DEL SUR,13,par_4_224,CONSERVATORIO,00:26:27,00:26:27,40.29324,-3.74576
METRO,4_I13-122_2023I13_1_1_4__12_2__,4__12___,4_I13,1,PUERTA DEL SUR,14,par_4_223,ARROYO CULEBRO,00:27:56,00:27:56,40.28874,-3.75682
METRO,4_I13-122_2023I13_1_1_4__12_2__,4__12___,4_I13,1,PUERTA DEL SUR,15,par_4_222,PARQUE DE LOS ESTADOS,00:31:58,00:31:58,40.28684,-3.78697
METRO,4_I13-122_2023I13_1_1_4__12_2__,4__12___,4_I13,1,PUERTA DEL SUR,16,par_4_221,FUENLABRADA CENTRAL,00:33:53,00:33:53,40.28268,-3.79891
METRO,4_I13-122_2023I13_1_1_4__12_2__,4__12___,4_I13,1,PUERTA DEL SUR,17,par_4_220,PARQUE EUROPA,00:35:05,00:35:05,40.28518,-3.80632
METRO,4_I13-122_2023I13_1_1_4__12_2__,4__12___,4_I13,1,PUERTA DEL SUR,18,par_4_219,HOSPITAL DE FUENLABRADA,00:36:16,00:36:16,40.28576,-3.81642
METRO,4_I13-122_2023I13_1_1_4__12_2__,4__12___,4_I13,1,PUERTA DEL SUR,19,par_4_218,LORANCA,00:39:38,00:39:38,40.29681,-3.83768
METRO,4_I13-122_2023I13_1_1_4__12_2__,4__12___,4_I13,1,PUERTA DEL SUR,20,par_4_217,MANUELA MALASAÑA,00:43:53,00:43:53,40.30903,-3.86402
METRO,4_I13-122_2023I13_1_1_4__12_2__,4__12___,4_I13,1,PUERTA DEL SUR,21,par_4_216,HOSPITAL DE MOSTOLES,00:46:10,00:46:10,40.31652,-3.87471
METRO,4_I13-122_2023I13_1_1_4__12_2__,4__12___,4_I13,1,PUERTA DEL SUR,22,par_4_215,PRADILLO,00:47:43,00:47:43,40.32168,-3.86489
METRO,4_I13-122_2023I13_1_1_4__12_2__,4__12___,4_I13,1,PUERTA DEL SUR,23,par_4_214,MOSTOLES CENTRAL,00:48:49,00:48:49,40.3285,-3.86354
METRO,4_I13-122_2023I13_1_1_4__12_2__,4__12___,4_I13,1,PUERTA DEL SUR,24,par_4_213,UNIVERSIDAD REY JUAN CARLOS,00:50:41,00:50:41,40.33512,-3.87218
METRO,4_I13-122_2023I13_1_1_4__12_2__,4__12___,4_I13,1,PUERTA DEL SUR,25,par_4_212,PARQUE OESTE,00:54:32,00:54:32,40.34589,-3.84934
METRO,4_I13-122_2023I13_1_1_4__12_2__,4__12___,4_I13,1,PUERTA DEL SUR,26,par_4_211,ALCORCON CENTRAL,00:56:56,00:56:56,40.35008,-3.83178
METRO,4_I13-122_2023I13_1_1_4__12_2__,4__12___,4_I13,1,PUERTA DEL SUR,27,par_4_210,PARQUE LISBOA,00:58:44,00:58:44,40.34969,-3.8212
METRO,4_I13-122_2023I13_1_1_4__12_2__,4__12___,4_I13,1,PUERTA DEL SUR,28,par_4_209,PUERTA DEL SUR,01:00:01,01:00:01,40.34543,-3.81249
METRO,4_I13-ROP_2023I13_1_1_4__R___,4__R___,4_I13,0,PRINCIPE PIO,0,par_4_237,OPERA,00:00:00,00:00:00,40.41809,-3.70928
METRO,4_I13-ROP_2023I13_1_1_4__R___,4__R___,4_I13,0,PRINCIPE PIO,1,par_4_238,PRINCIPE PIO,00:03:05,00:03:05,40.42099,-3.72033
METRO,4_I13-ROP_2023I13_2_1_4__R___,4__R___,4_I13,1,OPERA,0,par_4_238,PRINCIPE PIO,00:00:00,00:00:00,40.42099,-3.72033
METRO,4_I13-ROP_2023I13_2_1_4__R___,4__R___,4_I13,1,OPERA,1,par_4_237,OPERA,00:03:05,00:03:05,40.41809,-3.70928
